,track_id,name,artists,pl_url,is_ref_pl,genres_concat,artists_str,popularity_artist,popularity_song,rank,0,1,2,3,4,5,6,7,8,9,10,11,12,13,14,15,16,17,18,19,20,21,22,23,24,25,26,27,28,29,30,FINAL_SIMIL_VAL
0,18FN1Kz7KMF0ujN6ID4ans,A Little More,['6eUKZXaKkcviH0Ku9w2n3V'],https://open.spotify.com/playlist/3ivSu20CWXjveS2h2qZ54K?si=2dfcf9865bbc4501,0,soft pop,6eUKZXaKkcviH0Ku9w2n3V,92,72,0,0.5224508996620222,0.5456434339366723,0.6166872359241229,0.5917434436919902,0.6123842291629829,0.6265173966078349,0.6732299446387979,0.5872503362133948,0.6353458383946589,0.6013119853081565,0.623806516854762,0.6376155117480664,0.5557201740969863,0.5438581040441829,0.6303307278036459,0.6856900861805794,0.5047396069386737,0.53555118798102,0.5888235092029912,0.6257467992048922,0.5482866288553214,0.629347496320346,0.6459182179683551,0.6122328604889258,0.9999999999999994,0.7568371853310777,0.6380131120298445,0.7363679925008555,0.6304448807700608,0.5447599466645027,0.6645579392128514,0.9999999999999994
1,3P2PvZUo61j3koI9mo3Ief,Atomic Shadow,['0kbk6RTdEZJSC6S1DojCMg'],https://open.spotify.com/playlist/47MSXsGaZvarTjtPmVxJTK?si=f9c7d058cdfa4f5e,0,indie rock,0kbk6RTdEZJSC6S1DojCMg,1,2,1,0.650456840136886,0.6822967398061615,0.6895886428280315,0.6345167237181223,0.674839544021824,0.7184507584893343,0.6487212689921239,0.6587222039798296,0.7269051093708875,0.5642106711107362,0.6197957980587601,0.5509017397023367,0.6813378340677108,0.6233501718066402,0.9999999999999987,0.7227637839473673,0.5548909533019641,0.6243755007047972,0.6194187000399745,0.7107702441749033,0.7541032088227888,0.8313957253375451,0.9426643204789651,0.6511006755501562,0.6303307278036467,0.661367813764992,0.6728496682091065,0.6530778054992433,0.6879609009339666,0.5902020157043534,0.6900468769561704,0.9999999999999987
2,28lKZhxCDxqJEPyK8G4y91,White Horses,['3btzEQD6sugImIHPMRgkwV'],https://open.spotify.com/playlist/3ivSu20CWXjveS2h2qZ54K?si=2dfcf9865bbc4501,0,indie,3btzEQD6sugImIHPMRgkwV,67,59,2,0.65240644780541,0.6874277618767998,0.6295138173716682,0.5994397665881878,0.6320138838438246,0.6608810962480272,0.6022692976899053,0.6062068075345681,0.6681548028461284,0.5881714558238325,0.6516542235072192,0.5773511270475358,0.6976981344674129,0.6308568162446928,0.942664320478967,0.7237676555720273,0.5599107459190713,0.5925859237412682,0.6040117066903772,0.6766487662075487,0.7237737150371066,0.871268566969549,0.9999999999999986,0.66108887406993,0.6459182179683551,0.6787178225431945,0.6734086344955339,0.6146236705956247,0.7365745491237695,0.6244202014276621,0.659181467458126,0.9999999999999986
3,3tAM9NRfWNkQNxluiad6Ok,Pep Talk,['4XCRTon02sz6rBuaJVfQmJ'],https://open.spotify.com/playlist/47MSXsGaZvarTjtPmVxJTK?si=f9c7d058cdfa4f5e,0,"britpop, madchester",4XCRTon02sz6rBuaJVfQmJ,3,10,3,0.5985746327471229,0.6345317866335375,0.6009882150601967,0.6298631371572184,0.6106035708233285,0.584009919994381,0.5590065317702241,0.5546552187644389,0.6100357571051073,0.5813348550927512,0.6215762922441592,0.595381934425588,0.5623359408734773,0.7577863114251312,0.6511006755501529,0.6756405105390427,0.47354431734909525,0.5494834695186341,0.5870761607743968,0.6187837223441583,0.5823711532665814,0.6195780910035161,0.66108887406993,0.9999999999999978,0.6122328604889258,0.6596306320257479,0.862533996730191,0.5792459880810878,0.6044490563172235,0.5715805313971238,0.6626505790128931,0.9999999999999978
4,5Xnkr4b6swk6BA5IinCIlU,Holy Water,"['64KEffDW9EtZ1y2vBYgq8T', '19k8AgwwTSxeaxkOuCQEJs']",https://open.spotify.com/playlist/3ivSu20CWXjveS2h2qZ54K?si=2dfcf9865bbc4501,0,edm,"19k8AgwwTSxeaxkOuCQEJs,64KEffDW9EtZ1y2vBYgq8T",84,64,4,0.5972963924889055,0.5901199966353747,0.6161300844413654,0.5674296551041796,0.6041202040337776,0.6233864756098499,0.5677935803911714,0.5713092903209248,0.6349342370211197,0.6508139214943301,0.6845495075269948,0.6320855576277404,0.6037400949860344,0.5841931766518235,0.6879609009339656,0.6569140109449441,0.5207037570663026,0.602796172229358,0.6179154783514696,0.6781116560903926,0.5846499253974242,0.663205374160802,0.7365745491237695,0.6044490563172235,0.6304448807700608,0.6720082141104332,0.5903220809412597,0.5888734388524279,0.9999999999999973,0.6995036162263022,0.5846406113011837,0.9999999999999973
5,0NRIWkmQiSoIaEs3wvoSS7,A New Day (feat. Celine Dion),"['6hyMWrxGBsOx6sWcVj1DqP', '4S9EykWXhStSc15wEx8QFK']",https://open.spotify.com/playlist/3Di88mvYplBtkDBIzGLiiM?si=6d4529e2d42846a1,0,edm,"4S9EykWXhStSc15wEx8QFK,6hyMWrxGBsOx6sWcVj1DqP",72,74,4,0.5972963924889055,0.5901199966353747,0.6161300844413654,0.5674296551041796,0.6041202040337776,0.6233864756098499,0.5677935803911714,0.5713092903209248,0.6349342370211197,0.6508139214943301,0.6845495075269948,0.6320855576277404,0.6037400949860344,0.5841931766518235,0.6879609009339656,0.6569140109449441,0.5207037570663026,0.602796172229358,0.6179154783514696,0.6781116560903926,0.5846499253974242,0.663205374160802,0.7365745491237695,0.6044490563172235,0.6304448807700608,0.6720082141104332,0.5903220809412597,0.5888734388524279,0.9999999999999973,0.6995036162263022,0.5846406113011837,0.9999999999999973
6,4DGbJMzedFZAuT40Uq4NDC,History Lesson Part 2,['2FDvUb4YgyUPpmnm1ILPra'],https://open.spotify.com/playlist/6s4HdPQQMfyAkSC2wrotE3?si=d0411b2681b5474f,0,lo-fi indie,2FDvUb4YgyUPpmnm1ILPra,43,22,5,0.5705434854732556,0.6291412768468811,0.5447217122811306,0.49242304846481844,0.5301275683422236,0.5651668979941187,0.5807235115084138,0.5379887596053415,0.5781294738160695,0.5454862747497523,0.5966956835589031,0.5316047710158437,0.6584792355172642,0.575365963982992,0.8135804397963659,0.6342864281741664,0.5133593599966221,0.4916335811534943,0.4933990765251259,0.573447563329707,0.6722414890230941,0.9591024019907157,0.8593822987860316,0.5971418858918194,0.633145245798384,0.6086280903751442,0.6116457501424659,0.5980571191055244,0.6662122902957317,0.5813952382578659,0.6127118382056568,0.9591024019907157
7,2FsJ6jZiqgbORPeIW06i1j,Take Me To The Pilot,['1N2FgBLehaq77UEdJhCt7f'],https://open.spotify.com/playlist/3ivSu20CWXjveS2h2qZ54K?si=2dfcf9865bbc4501,0,"alternative dance, britpop, madchester",1N2FgBLehaq77UEdJhCt7f,51,38,6,0.5909300599226017,0.6193732702570067,0.5621966077721665,0.6131817252081437,0.5886857216162893,0.5492369785569666,0.5356678476887254,0.5252218168701462,0.5731705509766831,0.5793676320707618,0.6400922686513124,0.6145907876795298,0.5815265061033372,0.7696487201316027,0.6445926647540382,0.639383527812676,0.4438570859443475,0.5299090663832011,0.5644496940354784,0.5874695107289108,0.5690591129967869,0.606616944875127,0.6578805849413135,0.9326118783879251,0.5848055658572592,0.6366996821029224,0.8457168295117123,0.551796398540935,0.6087933930665016,0.5956456507712634,0.6315550388536959,0.9326118783879251
8,77lH3OqctUIel7LeanFtrj,Do Ya?,"['55gT3xfTn646USEB4zacVT', '1q390hgqKsikr12ckHjlt3']",https://open.spotify.com/playlist/2ixwcMhkBf6t5f94IFjoun?si=0a75bd430a3b47ca,0,riot grrrl,"1q390hgqKsikr12ckHjlt3,55gT3xfTn646USEB4zacVT",3,7,7,0.636535766463152,0.9218730813545484,0.530142757255141,0.544063434020241,0.5400735391582091,0.5483773400910996,0.46890901170500865,0.4936398326051047,0.5399139054125991,0.4974895523471827,0.5238963327276599,0.5199483972793991,0.5324679240998236,0.5609826922161424,0.6497374868914866,0.688187482621654,0.47182608423290323,0.544429754678695,0.5604604619095157,0.5950002450588325,0.5446578029349967,0.6016750203109568,0.6539046017403211,0.5820052401175027,0.5206636783305203,0.5687556370979803,0.5959234208496227,0.48744118314924506,0.5542000098906215,0.4566218148447806,0.5214928876357265,0.9218730813545484
9,6h7FQwhAwloFG7hFmhN2iz,Block Him!,['35uo3c7dCy6mAD2nUy6U6Q'],https://open.spotify.com/playlist/2ixwcMhkBf6t5f94IFjoun?si=0a75bd430a3b47ca,0,riot grrrl,35uo3c7dCy6mAD2nUy6U6Q,2,11,7,0.636535766463152,0.9218730813545484,0.530142757255141,0.544063434020241,0.5400735391582091,0.5483773400910996,0.46890901170500865,0.4936398326051047,0.5399139054125991,0.4974895523471827,0.5238963327276599,0.5199483972793991,0.5324679240998236,0.5609826922161424,0.6497374868914866,0.688187482621654,0.47182608423290323,0.544429754678695,0.5604604619095157,0.5950002450588325,0.5446578029349967,0.6016750203109568,0.6539046017403211,0.5820052401175027,0.5206636783305203,0.5687556370979803,0.5959234208496227,0.48744118314924506,0.5542000098906215,0.4566218148447806,0.5214928876357265,0.9218730813545484
10,11vv7rRS8sMmucKHntWcsW,Aim low,['0xe2h0r6QJK85lv2nJLaFc'],https://open.spotify.com/playlist/47MSXsGaZvarTjtPmVxJTK?si=f9c7d058cdfa4f5e,0,riot grrrl,0xe2h0r6QJK85lv2nJLaFc,1,1,7,0.636535766463152,0.9218730813545484,0.530142757255141,0.544063434020241,0.5400735391582091,0.5483773400910996,0.46890901170500865,0.4936398326051047,0.5399139054125991,0.4974895523471827,0.5238963327276599,0.5199483972793991,0.5324679240998236,0.5609826922161424,0.6497374868914866,0.688187482621654,0.47182608423290323,0.544429754678695,0.5604604619095157,0.5950002450588325,0.5446578029349967,0.6016750203109568,0.6539046017403211,0.5820052401175027,0.5206636783305203,0.5687556370979803,0.5959234208496227,0.48744118314924506,0.5542000098906215,0.4566218148447806,0.5214928876357265,0.9218730813545484
11,3MWW6s2yUWbXIO7pfpcwf2,Yo Corro Más,['2VAo8b6uvd5MlmpiqgqIFN'],https://open.spotify.com/playlist/5NsZabBjLrejTFijmLwKV2?si=ed983c97348b48cb,0,indie punk,2VAo8b6uvd5MlmpiqgqIFN,3,0,8,0.7687131099776603,0.7902326990328039,0.6239324310314639,0.6016526227783071,0.6254207750000648,0.6294589085599381,0.5632085150186807,0.5875270005742095,0.6416725838973449,0.568020367139562,0.6155568111902655,0.5573473471380358,0.698142835181733,0.6401118853367637,0.9010285638438691,0.8348256056880187,0.5447988220438966,0.6026793260145156,0.6043987491137595,0.6852780306862947,0.7303094526383987,0.8183212816176597,0.9105662566427875,0.6562569517558938,0.60647155469319,0.6506574741000486,0.675344663990965,0.5728328971529136,0.6782284941010089,0.5778189989275341,0.6312299936290592,0.9105662566427875
12,5zlxkhxG7ICPmq8x3GSPy8,Pool - Stripped,['1Uk1GyijF6fSfX4mWq5bfR'],https://open.spotify.com/playlist/3ivSu20CWXjveS2h2qZ54K?si=2dfcf9865bbc4501,0,indie pop,1Uk1GyijF6fSfX4mWq5bfR,59,61,9,0.6194334198025859,0.6557833070876553,0.5804646947050133,0.5951120802962182,0.6000717185091123,0.6171799020866348,0.5957935422345164,0.5657051799989212,0.6188394405786077,0.5859005171440816,0.65361638059002,0.6256892235169577,0.6738468864380038,0.5969327245981306,0.8938032947394084,0.7631475892327618,0.5170795582664339,0.5306776173682686,0.5666092585114494,0.6165078868101614,0.7101562584670098,0.8276689276191445,0.9072489529494994,0.6606671003911406,0.7624216746568762,0.7802806172868748,0.7012323502507659,0.6299194178579042,0.7106903518740395,0.6141460247710342,0.7156862731737914,0.9072489529494994
13,0dqJjKKxuKD5Dt3QH2n4CG,Hands Down,['1MIe1z4RdqLqHSJsb7EBMm'],https://open.spotify.com/playlist/5OVTqQiUOuQoGhpC24sZWd?si=6fa97b7f934f43dc,0,indie pop,1MIe1z4RdqLqHSJsb7EBMm,49,50,9,0.6194334198025859,0.6557833070876553,0.5804646947050133,0.5951120802962182,0.6000717185091123,0.6171799020866348,0.5957935422345164,0.5657051799989212,0.6188394405786077,0.5859005171440816,0.65361638059002,0.6256892235169577,0.6738468864380038,0.5969327245981306,0.8938032947394084,0.7631475892327618,0.5170795582664339,0.5306776173682686,0.5666092585114494,0.6165078868101614,0.7101562584670098,0.8276689276191445,0.9072489529494994,0.6606671003911406,0.7624216746568762,0.7802806172868748,0.7012323502507659,0.6299194178579042,0.7106903518740395,0.6141460247710342,0.7156862731737914,0.9072489529494994
14,0pDVZoDOubNxgzjgTvzVQi,Things I Haven’t Told You,"['1Cs0zKBU1kc0i8ypK3B9ai', '5kwHgbzNHq1iHkUSrAmjjQ', '1pmwwNA38kkkJwEMWe8hLD']",https://open.spotify.com/playlist/3ivSu20CWXjveS2h2qZ54K?si=2dfcf9865bbc4501,0,"dance, edm","1Cs0zKBU1kc0i8ypK3B9ai,1pmwwNA38kkkJwEMWe8hLD,5kwHgbzNHq1iHkUSrAmjjQ",92,60,10,0.5913798234130535,0.5663582944259724,0.5898965270439827,0.5530148921807289,0.5923826404548472,0.5570203883524556,0.539768823854814,0.5407380925030869,0.6081596892092395,0.6524697226549747,0.7028475525003136,0.6518128907620679,0.5922528442112855,0.5641394588709512,0.6296994376906537,0.6379596949028369,0.4978908297447426,0.5876576359589061,0.591334894952003,0.6486561779593101,0.5678775986406767,0.6185788810623064,0.6708410041048121,0.580363958928023,0.5985590720319514,0.6591620527860291,0.5630828104588841,0.5639736357256591,0.9015506912481589,0.707240096161919,0.539366364824398,0.9015506912481589
15,7p6ZqvFzay7awUqCbicrQf,Wack Jack,['73qDaXI9qVVOxYljQiYluK'],https://open.spotify.com/playlist/47MSXsGaZvarTjtPmVxJTK?si=f9c7d058cdfa4f5e,0,madchester,73qDaXI9qVVOxYljQiYluK,14,28,11,0.5408179755882441,0.5810565108222175,0.5240810099312754,0.5422964998913429,0.527430823373817,0.5578272409621613,0.49424228106934803,0.48311140250467793,0.5284784105582164,0.5483226238419785,0.5927284077064238,0.5552670071089626,0.5126773788690581,0.7399536507050956,0.6053394530196688,0.5808821295028327,0.42011807598281353,0.48907142180389257,0.523822858154477,0.5569704187604461,0.527352770137918,0.5623446203863152,0.6359098976380719,0.9002527993109185,0.5519726500503683,0.5524342881086522,0.8368842916800822,0.5146948422811212,0.6083622886749763,0.5442688828047244,0.5800314750621491,0.9002527993109185
16,0VmGgo6i8HOmrp5y8qqBxQ,I Don’t Work Here Anymore,['5aYyPjAsLj7UzANzdupwnS'],https://open.spotify.com/playlist/3ivSu20CWXjveS2h2qZ54K?si=2dfcf9865bbc4501,0,"emo, pop punk, punk",5aYyPjAsLj7UzANzdupwnS,69,53,12,0.7811229501574455,0.7708318867845458,0.6457558041328063,0.6005027276413664,0.6687267761205121,0.5895660184054449,0.5762196103918074,0.6041929614350674,0.6639733624284502,0.5985747578400276,0.6091514748462686,0.5830398905635102,0.6330109175810765,0.6544923820495718,0.6917853199924308,0.8978083628556885,0.5232242487601615,0.657611539568998,0.6711797094010146,0.7111855280737288,0.6002337397730568,0.6677624341103245,0.7063917848705898,0.6473456077269867,0.637441590496145,0.6832344200886852,0.6694867147271406,0.5762744514437771,0.6747950006516481,0.5700079628525941,0.5875023413734892,0.8978083628556885
17,4u8JZMG1h659W4DIFz9PQB,I Never Dream About Trains,['2iUVQjheBnvOt8vaBrxXJz'],https://open.spotify.com/playlist/3ivSu20CWXjveS2h2qZ54K?si=2dfcf9865bbc4501,0,"baroque pop, singer-songwriter",2iUVQjheBnvOt8vaBrxXJz,45,36,13,0.48945198031815007,0.5427701552102876,0.5368651638200463,0.6081972232223212,0.5520987111604686,0.56584216713938,0.60056307939614,0.5274439365417911,0.5920439397449172,0.5299429026331491,0.5776165401695669,0.5756910358365318,0.6077999020756035,0.5616544801210123,0.6459926095503187,0.6257606795744315,0.5061407166948417,0.4747799467377953,0.5045956421312617,0.5411949583974456,0.6108271184937544,0.6275526540801308,0.6480476104629295,0.6059826858289945,0.6924555599629767,0.772697355951698,0.630927764659813,0.6396336568050346,0.5690966189886109,0.5504425065630343,0.8861787805976368,0.8861787805976368
18,6VdYmcxD7HLMCa8rBMZAOI,Post-Punk / New-Wave,['6R1b13BgmP15f21dQZpFz9'],https://open.spotify.com/playlist/47MSXsGaZvarTjtPmVxJTK?si=f9c7d058cdfa4f5e,0,"dream pop, lo-fi indie",6R1b13BgmP15f21dQZpFz9,25,29,14,0.5810339076253996,0.6376530384696355,0.5454292191537373,0.5483019609175731,0.5512917881918739,0.5452421758860747,0.5926740121917986,0.5447989345879944,0.5790911825280759,0.5444800964005824,0.6176802175719377,0.5932572235152215,0.6806582420635297,0.6191533030951212,0.7608106347063143,0.6861075846905162,0.5038505000596607,0.5100848233565685,0.529910482406032,0.5851583058217338,0.6646686188910139,0.8782064597032662,0.7774257272071029,0.6352682008349355,0.703572330289563,0.7150818468372423,0.6663267428449832,0.6279077778039032,0.6408661007481465,0.594599480270523,0.7042586041309513,0.8782064597032662
19,4XJXXft9i6VDL9IFQUUeNc,Reino,['2XNJ1dXD5AjaHZTSM7qPlH'],https://open.spotify.com/playlist/3ivSu20CWXjveS2h2qZ54K?si=2dfcf9865bbc4501,0,latin indie,2XNJ1dXD5AjaHZTSM7qPlH,43,29,15,0.5252771299285562,0.5666685141870793,0.5049770062227555,0.4687420396447256,0.4897701234818445,0.5498208753237485,0.5025443023493613,0.5203990417379323,0.5413774866287534,0.5294830314585578,0.5614625822302359,0.4856378513523251,0.7997214362320892,0.5313304015075956,0.7724909444379394,0.5895756693217141,0.4979136571516661,0.48514337680556463,0.4842422563430705,0.5534740209433648,0.8707882341435067,0.733876328734929,0.8053108661166811,0.548299723647759,0.5744630061019533,0.5871499211543362,0.5610911121386459,0.5213376079355148,0.6296879788611718,0.5408056546713991,0.5889152395575102,0.8707882341435067
20,4VWrc4ef7OzTaebkQ97KqG,Matarte,['6atnQAeriB4Ql9r9MuVlIm'],https://open.spotify.com/playlist/5FJ5R13o9A1l018qE0vI88?si=3c139f246c8340d3,0,latin indie,6atnQAeriB4Ql9r9MuVlIm,14,21,15,0.5252771299285562,0.5666685141870793,0.5049770062227555,0.4687420396447256,0.4897701234818445,0.5498208753237485,0.5025443023493613,0.5203990417379323,0.5413774866287534,0.5294830314585578,0.5614625822302359,0.4856378513523251,0.7997214362320892,0.5313304015075956,0.7724909444379394,0.5895756693217141,0.4979136571516661,0.48514337680556463,0.4842422563430705,0.5534740209433648,0.8707882341435067,0.733876328734929,0.8053108661166811,0.548299723647759,0.5744630061019533,0.5871499211543362,0.5610911121386459,0.5213376079355148,0.6296879788611718,0.5408056546713991,0.5889152395575102,0.8707882341435067
21,4aQNxXY0LuCUtHNpILh2YI,Heart of Clay,['7A7ExrsFl1wt2qe0TXtF74'],https://open.spotify.com/playlist/47MSXsGaZvarTjtPmVxJTK?si=f9c7d058cdfa4f5e,0,britpop,7A7ExrsFl1wt2qe0TXtF74,7,11,16,0.5938288122384034,0.6495794083088453,0.6122692174969903,0.6511273970614248,0.6342064902438058,0.6437946792598569,0.5844806778358203,0.5744320468305191,0.6316930139576741,0.5741794603918645,0.5999556178010881,0.5855376480755033,0.5414892879201121,0.6389913616296294,0.7124555844882765,0.7062494023944552,0.4871008198108878,0.5584428878127645,0.5973703824669885,0.6297610028202907,0.5760780518452892,0.6425909608868143,0.7159426719743439,0.8630153414747266,0.6899303623325979,0.693512630772402,0.7626436265543739,0.6059498204377848,0.6207488875656695,0.5493428169651003,0.6698580575791371,0.8630153414747266
22,1c3SrRK5D4MCGrNVMiFX9J,New Life,"['6acNcoER6YR0J3a8uUM0JI', '0LQ2omKAAVUJgjdokNYqLB']",https://open.spotify.com/playlist/47MSXsGaZvarTjtPmVxJTK?si=f9c7d058cdfa4f5e,0,britpop,"0LQ2omKAAVUJgjdokNYqLB,6acNcoER6YR0J3a8uUM0JI",1,1,16,0.5938288122384034,0.6495794083088453,0.6122692174969903,0.6511273970614248,0.6342064902438058,0.6437946792598569,0.5844806778358203,0.5744320468305191,0.6316930139576741,0.5741794603918645,0.5999556178010881,0.5855376480755033,0.5414892879201121,0.6389913616296294,0.7124555844882765,0.7062494023944552,0.4871008198108878,0.5584428878127645,0.5973703824669885,0.6297610028202907,0.5760780518452892,0.6425909608868143,0.7159426719743439,0.8630153414747266,0.6899303623325979,0.693512630772402,0.7626436265543739,0.6059498204377848,0.6207488875656695,0.5493428169651003,0.6698580575791371,0.8630153414747266
23,2ad6310zAWQS2vBcDE37eY,Collateral,['3Hmqyhfzth6rTNSxSrwHH8'],https://open.spotify.com/playlist/2ixwcMhkBf6t5f94IFjoun?si=0a75bd430a3b47ca,0,"egg punk, riot grrrl",3Hmqyhfzth6rTNSxSrwHH8,2,4,17,0.6622625244550332,0.8617159701454226,0.5317365795849038,0.5558982573512147,0.5366799779137522,0.5116760045800168,0.4744762098113858,0.5134013135013292,0.541503690955765,0.5063881946739115,0.5386079034626315,0.5365384378481354,0.5772934855411839,0.5759295225938076,0.625744150194509,0.7136244833875884,0.4884670932480221,0.5402399696932195,0.550681637228528,0.605564425604284,0.5901486711519015,0.6070372671134578,0.6354571971411174,0.580202683848469,0.5156877681018643,0.5920166321634289,0.595948147942926,0.49127208472976747,0.5675450348184408,0.4940995707229622,0.5498983272637143,0.8617159701454226
24,7JxHc4FNqdIzIJyrpqYAdH,Inside Our Hearts,"['60d24wfXkVzDSfLS6hyCjZ', '4AVFqumd2ogHFlRbKIjp1t', '4ukUyiEoZi8QxibfjuUsEw']",https://open.spotify.com/playlist/3Di88mvYplBtkDBIzGLiiM?si=6d4529e2d42846a1,0,"edm, electronica, progressive house,edm","4AVFqumd2ogHFlRbKIjp1t,4ukUyiEoZi8QxibfjuUsEw,60d24wfXkVzDSfLS6hyCjZ",79,71,18,0.5427467574868053,0.5038895665843012,0.5674416381603349,0.5185808578210608,0.5589578190298861,0.5415261771344007,0.5326950000594172,0.5302273946755713,0.578364165061766,0.603182548217984,0.6451457347511296,0.5968822543465615,0.559785006061983,0.5449386478661731,0.6019310422189117,0.5785957057288426,0.4752593775235702,0.5561395704806192,0.5657405323350754,0.6110057266887945,0.5329506563972679,0.6065106905218189,0.6314154116734645,0.5455244885795737,0.5522760112119426,0.6209283108538721,0.5376300157471032,0.5409041320057892,0.8492076702277832,0.7333920477792624,0.5440525408053185,0.8492076702277832
25,2PaBwUc51DMaSAf0fzURzM,Ojitos de aceituna,"['4d9bVps5YG8iSVVfQVMSsP', '6atnQAeriB4Ql9r9MuVlIm']",https://open.spotify.com/playlist/5FJ5R13o9A1l018qE0vI88?si=3c139f246c8340d3,0,"latin indie,latin indie","4d9bVps5YG8iSVVfQVMSsP,6atnQAeriB4Ql9r9MuVlIm",14,4,19,0.5388358723644343,0.5556323712271561,0.5099596070914877,0.45962076740740504,0.4929822102452207,0.5281793782062537,0.4903015910224893,0.5215301487243049,0.549356294893779,0.5267580008708532,0.5553560836982157,0.48343217439092595,0.7884583814481362,0.5244015341105576,0.747097176880523,0.5926735953003303,0.5113100890814287,0.5003134713433739,0.4909618866951075,0.5577380971150804,0.8489293713608064,0.7341700072912687,0.7777111389451488,0.5416762329379933,0.5543242528315271,0.5870187170373279,0.5499870853448101,0.5071438658731922,0.616207210494307,0.5431984274027418,0.5731447078369749,0.8489293713608064
26,7iDTqQv0alAnZzRy5hlhGO,Welsh Coastal Towns,['3xImFFSOyUlAdRIUB7XgMJ'],https://open.spotify.com/playlist/47MSXsGaZvarTjtPmVxJTK?si=f9c7d058cdfa4f5e,0,"britpop, power pop",3xImFFSOyUlAdRIUB7XgMJ,10,6,20,0.6435116084730723,0.6598222068342674,0.6515518419714076,0.6973063604527692,0.6821664564715239,0.6270059728541737,0.6222996419082423,0.6196422289889774,0.6665296445813503,0.5844697846160328,0.6198114525247637,0.6368891436103683,0.5660724745095159,0.6445332513053984,0.6971764337816307,0.7680388913021555,0.5183155196481847,0.5980573600722955,0.6384208421199671,0.6638988339272109,0.6190590581255813,0.6449071062104739,0.6785054648610125,0.8403434840157341,0.7065609848583784,0.7392391376617329,0.7876628595034267,0.6450377124793554,0.5781181636988405,0.55059201862475,0.7104212326264676,0.8403434840157341
27,7yQrI3lgp7t0f6tyhxiw2Q,Totally,['78t3RmocrQxHOLzRuv81tR'],https://open.spotify.com/playlist/47MSXsGaZvarTjtPmVxJTK?si=f9c7d058cdfa4f5e,0,"jangle pop, power pop",78t3RmocrQxHOLzRuv81tR,22,22,21,0.6433281604006021,0.662876219821092,0.6174578995816651,0.6275921827334283,0.6285631542694411,0.6233380956913025,0.6273012186498425,0.628371559700123,0.6403511502624196,0.5670536241701408,0.6005794818582073,0.6145900995612709,0.596586972218502,0.5987598355898394,0.7121156068697931,0.7617572617649065,0.5411485546461204,0.5902933182971375,0.6189816620798302,0.6438618644055569,0.6532150154354646,0.6616698573759638,0.6934749391393829,0.6778529800538482,0.7125086433853166,0.722967206275272,0.837387331509964,0.6597406617511141,0.5848481153055886,0.531299895303176,0.7089331348629884,0.837387331509964
28,7gKxCvTDWwV9wBhdeBbr3l,Nice To Each Other,['00x1fYSGhdqScXBRpSj3DW'],https://open.spotify.com/playlist/1p3CmyfXVeVk3ckO443prf?si=db6bb8c6dd6040b2,0,pop soul,00x1fYSGhdqScXBRpSj3DW,80,86,22,0.5467081900487619,0.5761639897776748,0.615879950771501,0.5942408896360147,0.6129525793689985,0.6307984058334314,0.6158166601626087,0.5944751063589145,0.643975891475801,0.6987285714625702,0.6904208386144283,0.6395804841542158,0.5748191028150061,0.5675331715841565,0.6413457316090755,0.6978532768234105,0.531069370958587,0.551408042498732,0.5869777158481944,0.6372343477096967,0.5781407353025838,0.6172508716485036,0.66143576086941,0.6365991687695248,0.8309271250342903,0.7766772516771863,0.6459842206619119,0.6607290281008975,0.6672397311423041,0.5934447697946056,0.6519349217087088,0.8309271250342903
29,1jweUS5PZjpmKi4tW1qpgW,Ordinary Creature,['4dwdTW1Lfiq0cM8nBAqIIz'],https://open.spotify.com/playlist/3ivSu20CWXjveS2h2qZ54K?si=2dfcf9865bbc4501,0,folk pop,4dwdTW1Lfiq0cM8nBAqIIz,71,58,23,0.582561698164959,0.6192700782511333,0.6151126693892437,0.5908186827539219,0.6081602792431282,0.6345192048727589,0.6313241789323728,0.6327117168915781,0.6540542117497928,0.6033496572099973,0.6202208060611314,0.5973095679745982,0.5919202381742658,0.5414079714191539,0.7185961871496229,0.7505260557559009,0.5891776938498092,0.5575627802083174,0.5749558491602654,0.6405178816781101,0.6234152284378375,0.6854624222158832,0.7261729607659021,0.6258670236342434,0.8297214300841862,0.7824314907271009,0.659188180569309,0.6704147877923948,0.6636028270780185,0.5547568645488676,0.7123719469221752,0.8297214300841862
30,3oLfgPob5XKsY48VB20UZz,8ths,['2CIMQHirSU0MQqyYHq0eOx'],https://open.spotify.com/playlist/3ivSu20CWXjveS2h2qZ54K?si=2dfcf9865bbc4501,0,"dubstep, edm, progressive house",2CIMQHirSU0MQqyYHq0eOx,70,53,24,0.5487633023079613,0.5113636374768611,0.5861977377598624,0.5063819161865418,0.5727899650953776,0.5390117513445116,0.5474728500931318,0.5336365979336598,0.5921679571337309,0.6156992983960571,0.6448007773019945,0.5878911416333771,0.5467514785961226,0.5344083381620476,0.5979040534345021,0.5888625094929869,0.46953809365278965,0.5654166092291544,0.5644715318432125,0.627278339271133,0.5191308099804541,0.6034894369069973,0.6327905008559164,0.5498760645306302,0.5529020770780378,0.5980341242547985,0.5231820558658001,0.5475963292533983,0.8229164295610938,0.708712930846711,0.5360584700242567,0.8229164295610938
31,6H36gOzhDE9AJvarhwMbav,Eye to Eye,['0gnMdWLMbBdLRMMosJp9I5'],https://open.spotify.com/playlist/4BSj7IwrHLRpZeVNodMh5Z?si=830dece7523a46ad,0,acoustic pop,0gnMdWLMbBdLRMMosJp9I5,30,29,25,0.574046368005584,0.5667656008945974,0.6038199335679275,0.5500677486220507,0.5871848414689349,0.6057720292709095,0.605584621009608,0.5910461763807586,0.6280523379096155,0.5714503560717068,0.5947091691188721,0.6004672313682822,0.5590030890890867,0.5209995985806846,0.6804033478271087,0.7237239431931246,0.5262020881260088,0.5420730352065528,0.5646171634735487,0.6281028748711701,0.5904551134658826,0.6566422483106495,0.6893621363999624,0.5911422560223257,0.8130616623358765,0.730396481494265,0.6297929923826343,0.6411219173059628,0.6576580254716322,0.5632223325960132,0.650403291419271,0.8130616623358765
32,6RcjX3mkeQFLkJdBQ1SqcL,Save Me,['0bQG0K40fWr4EaMs0seDxB'],https://open.spotify.com/playlist/47MSXsGaZvarTjtPmVxJTK?si=f9c7d058cdfa4f5e,0,"darkwave, deathrock, gothic rock",0bQG0K40fWr4EaMs0seDxB,7,13,26,0.6509302892724964,0.6682601623663946,0.6099915523018083,0.6222188684779191,0.6404901399347123,0.5621278022684859,0.5316533456329109,0.5540418638908092,0.6170450804609455,0.5333539470476344,0.6182129477852569,0.6383127762070744,0.7598346400136575,0.7962345493580697,0.6455755557508185,0.6675463694539971,0.5152661772535676,0.6686964831249333,0.6515527758850578,0.7035467198633161,0.5784052434066876,0.6264681364245641,0.6456560525081063,0.5711317652158702,0.5345665289137167,0.6118157480146199,0.601563451787234,0.5319944146483027,0.5993739788535051,0.5703468925258822,0.5904339596229349,0.7962345493580697
33,3T1xdQb6pzkIcW0bryT1nx,Plastic Fruit,['5QgOQl5vHkyRsvTYUIgeFn'],https://open.spotify.com/playlist/47MSXsGaZvarTjtPmVxJTK?si=f9c7d058cdfa4f5e,0,melodic hardcore,5QgOQl5vHkyRsvTYUIgeFn,4,13,27,0.7939402130831309,0.6618925586641093,0.5975867890648695,0.515832141157162,0.5466418464413516,0.5597775101353287,0.4979587998383313,0.5267888367614408,0.5715289067317686,0.4906235729010878,0.540789806037004,0.5519048775042786,0.571591573539106,0.5726162668353565,0.6749389770241636,0.7470291595327702,0.47362614916914714,0.6573007806480082,0.6208149769051122,0.7120752603614144,0.5536014959530005,0.6158817994668906,0.6802254981345047,0.5695113266910233,0.5873309810633992,0.5577906359319103,0.5842164720507252,0.5327128106530693,0.6438305890297789,0.508886280993756,0.5295946186682537,0.7939402130831309
34,179sUkLRDlrfmRAITyK456,Run,['1lc8mnyGrCLtPhCoWjRxjM'],https://open.spotify.com/playlist/3ivSu20CWXjveS2h2qZ54K?si=2dfcf9865bbc4501,0,nu disco,1lc8mnyGrCLtPhCoWjRxjM,61,45,28,0.5704136315773066,0.5489667687382478,0.5781960905912951,0.5874477661779264,0.6102695534789392,0.5851127798106398,0.5605776706077311,0.5233709363567247,0.5914163994333019,0.6944971645888103,0.7935089077349382,0.6843409271794939,0.6038530829827692,0.573329858419251,0.6556646418515409,0.6109401061225218,0.4732424786912372,0.5406174897072636,0.5837638464347552,0.6130162162858678,0.5858866382570852,0.6443980476137626,0.6864315640575611,0.5865913219309846,0.6281754400974008,0.6347978104997323,0.5811590904716523,0.5850844607719035,0.7359843126546121,0.7195735488743578,0.5967174865999456,0.7935089077349382
35,0XAJn5zeN7uJtBnx9vTPVB,The Key of Victory,['6w7fc6IZlo5zwBaKT5jU1X'],https://open.spotify.com/playlist/3ivSu20CWXjveS2h2qZ54K?si=2dfcf9865bbc4501,0,"alternative rock, power pop",6w7fc6IZlo5zwBaKT5jU1X,53,39,29,0.6941613307420423,0.6861588407622043,0.7389735422299248,0.7038129689058449,0.7247869497267371,0.7038980809231511,0.6884229040001891,0.7012888244971679,0.7533666059432678,0.5823512470109017,0.6269089800385154,0.63374582485512,0.6061821604770804,0.6096310853414102,0.773157157505898,0.792740863877133,0.5800450572002818,0.6856263958946616,0.6973784867253556,0.754497290783368,0.6855271657584603,0.6738467365574278,0.7115496603164518,0.6893694044139054,0.7191119351728649,0.7300907031980411,0.71858682113249,0.7074224988167417,0.6067275073608878,0.5543213634485241,0.7194861263019904,0.792740863877133
36,4ZfhQrTr8l7ypbNB5Gqzc1,Northern Nowhere,['15eskbPbmxblTxLVOk9LWE'],https://open.spotify.com/playlist/47MSXsGaZvarTjtPmVxJTK?si=f9c7d058cdfa4f5e,0,"neo-psychedelic, power pop",15eskbPbmxblTxLVOk9LWE,16,18,30,0.6329415441655567,0.6287206184315615,0.621756070675913,0.6665728288223165,0.6445344337059901,0.6144212294661655,0.6142890549404376,0.6160934707974125,0.6354048244763404,0.577280389509664,0.6474788179300083,0.6348669048795055,0.5980718352445428,0.6072624159644899,0.7015743185187742,0.7129159994529791,0.5408726381742694,0.5799041024762042,0.6165183437174058,0.6394749869762524,0.6575821390146432,0.668573992463762,0.6750281328443826,0.6796246330759423,0.6723383422244475,0.7180702462771332,0.7194663151342395,0.6442966009792895,0.5688297472607117,0.5644507291048219,0.7899614284787826,0.7899614284787826
37,6805NqZ8c443YjfQERNoAq,Lost (feat. The Kid LAROI),"['3win9vGIxFfBRag9S63wwf', '2tIP7SsRs7vjIcLrU85W8J']",https://open.spotify.com/playlist/3ivSu20CWXjveS2h2qZ54K?si=2dfcf9865bbc4501,0,country,"2tIP7SsRs7vjIcLrU85W8J,3win9vGIxFfBRag9S63wwf",81,64,31,0.5399631182722151,0.5742056197656277,0.6310763636876742,0.534121546169646,0.5976546732457282,0.6777647241826851,0.5911509594341933,0.7580986720657718,0.6590860287366731,0.5604603066830076,0.5605101896274806,0.5273358978515328,0.5132013709883197,0.4785512903116546,0.6445586045032575,0.6275242033595371,0.789833546485743,0.5722073121546467,0.6015382200408287,0.6387842717327603,0.5466733742280009,0.5895955320803427,0.6765249501045483,0.5280323909024973,0.6440454063097825,0.5979943458159603,0.5323022560443997,0.6027283190581528,0.6638933754424763,0.5345423915812403,0.5350972059364775,0.789833546485743
38,3O4VZXxFLtyb8yhCHnClDu,Ooo,['5mnxMXIM6BNhVVTXnBatKa'],https://open.spotify.com/playlist/3ivSu20CWXjveS2h2qZ54K?si=2dfcf9865bbc4501,0,lo-fi house,5mnxMXIM6BNhVVTXnBatKa,50,43,32,0.48209953124837207,0.5264296864031757,0.4733760580474687,0.43570214570369137,0.4558206172123482,0.49129842071146995,0.536970300044278,0.45284381570774157,0.49291030642197076,0.5551966363020181,0.6086214262422394,0.551881560977736,0.5710105241532213,0.5317659365941361,0.6067326574869404,0.5228305417883862,0.4361502260821771,0.42845664496801067,0.4368752751973423,0.5010142150384541,0.5570465072708936,0.7850700196220444,0.649171778119586,0.5456507856722714,0.5886841005500802,0.5587662962434797,0.5379610769548325,0.569628701998609,0.6614588106136758,0.6507936945888282,0.5442727631685019,0.7850700196220444
39,11xahEyH2ySa20FGwptUec,Wedding in Leipzig,['7tzI4rSFTHafjF18ZrNZWx'],https://open.spotify.com/playlist/3ivSu20CWXjveS2h2qZ54K?si=2dfcf9865bbc4501,0,"baroque pop, swedish pop",7tzI4rSFTHafjF18ZrNZWx,39,34,33,0.5198206994493,0.5531495381972023,0.5378103232119403,0.5980053090108438,0.5648112102544143,0.5541209700752698,0.5770862109344032,0.5446263127751612,0.5785365558786406,0.5638963918079499,0.6267547622777032,0.617524226817835,0.598750453363491,0.5727271918571778,0.6203637013162294,0.6309201756577798,0.5024490010418046,0.4987297086171223,0.5417602763142942,0.5675238132269,0.6118415417102216,0.6016801210376812,0.636959639831898,0.6086827865463865,0.6913363438342651,0.744174327340066,0.6318447659890636,0.6156854364184241,0.6022863686621925,0.5980083646614472,0.7849935087391436,0.7849935087391436
40,3A7QViprHcM1lijHlxFsEC,Above And Beyond,['1MpMZJ3DBKTQ5CcTGvE7zS'],https://open.spotify.com/playlist/47MSXsGaZvarTjtPmVxJTK?si=f9c7d058cdfa4f5e,0,"garage rock, power pop",1MpMZJ3DBKTQ5CcTGvE7zS,14,6,34,0.6977295545487189,0.6787431165676935,0.700409056317537,0.6976426389910062,0.707407303592207,0.6747028179903305,0.6434822331278878,0.6705272006323041,0.7059276183956066,0.5905430814641225,0.6376273283041537,0.6217428600425525,0.5895815456604567,0.5932335384285828,0.7341373898685347,0.7797358769904245,0.5768627165543917,0.6502526132643578,0.6816681440385842,0.7216351551899302,0.7708063840385131,0.6588978393649862,0.6815616819415701,0.6684203115713664,0.6588829220563817,0.7034346554960447,0.713190449896523,0.6637070646040478,0.5753996297537556,0.5553630650061748,0.727333036939166,0.7797358769904245
41,6zaeVCwnf3A9S8R7QfDHQW,NO CAP,"['6nS5roXSAGhTGr34W6n7Et', '3jK9MiCrA42lLAdMGUZpwa']",https://open.spotify.com/playlist/3ivSu20CWXjveS2h2qZ54K?si=2dfcf9865bbc4501,0,house,"3jK9MiCrA42lLAdMGUZpwa,6nS5roXSAGhTGr34W6n7Et",78,64,35,0.5639090351867992,0.5568439151886673,0.6061447063339347,0.5554944336703032,0.5968992874254921,0.6098353090668278,0.5661868647810465,0.550308835799516,0.6213053605361392,0.6559854673207779,0.7013521479934598,0.6521698320718589,0.5744617978121747,0.5776083538620461,0.6364377080630127,0.6100208407819481,0.4986279376380257,0.572612914087105,0.5888683468172187,0.6506165910904497,0.566179607749574,0.6166819479597241,0.6887396589686066,0.6001496544880262,0.6291892012116793,0.6298662455775454,0.5807481949525677,0.5882423541685472,0.7777645109198359,0.7571422892658849,0.5627492524488927,0.7777645109198359
42,6PTgSuFz9JqQ1o0jTYOuvX,Dior (feat. Chrystal),"['1yqxFtPHKcGcv6SXZNdyT9', '5bQ3wFgekuIMIcWJuxkqLK']",https://open.spotify.com/playlist/1p3CmyfXVeVk3ckO443prf?si=db6bb8c6dd6040b2,0,house,"1yqxFtPHKcGcv6SXZNdyT9,5bQ3wFgekuIMIcWJuxkqLK",74,84,35,0.5639090351867992,0.5568439151886673,0.6061447063339347,0.5554944336703032,0.5968992874254921,0.6098353090668278,0.5661868647810465,0.550308835799516,0.6213053605361392,0.6559854673207779,0.7013521479934598,0.6521698320718589,0.5744617978121747,0.5776083538620461,0.6364377080630127,0.6100208407819481,0.4986279376380257,0.572612914087105,0.5888683468172187,0.6506165910904497,0.566179607749574,0.6166819479597241,0.6887396589686066,0.6001496544880262,0.6291892012116793,0.6298662455775454,0.5807481949525677,0.5882423541685472,0.7777645109198359,0.7571422892658849,0.5627492524488927,0.7777645109198359
43,0m00au0MMoII2767mu4sj7,All This Time,"['39B7ChWwrWDs7zXlsu3MoP', '7zAAwgV5Wqmvpb4GzvlRkP']",https://open.spotify.com/playlist/1p3CmyfXVeVk3ckO443prf?si=db6bb8c6dd6040b2,0,house,"39B7ChWwrWDs7zXlsu3MoP,7zAAwgV5Wqmvpb4GzvlRkP",73,70,35,0.5639090351867992,0.5568439151886673,0.6061447063339347,0.5554944336703032,0.5968992874254921,0.6098353090668278,0.5661868647810465,0.550308835799516,0.6213053605361392,0.6559854673207779,0.7013521479934598,0.6521698320718589,0.5744617978121747,0.5776083538620461,0.6364377080630127,0.6100208407819481,0.4986279376380257,0.572612914087105,0.5888683468172187,0.6506165910904497,0.566179607749574,0.6166819479597241,0.6887396589686066,0.6001496544880262,0.6291892012116793,0.6298662455775454,0.5807481949525677,0.5882423541685472,0.7777645109198359,0.7571422892658849,0.5627492524488927,0.7777645109198359
44,4F73UfoSpHrIVAl11g8paq,From the Night,['38duacoKCmLCQwLBQscDgI'],https://open.spotify.com/playlist/3ivSu20CWXjveS2h2qZ54K?si=2dfcf9865bbc4501,0,power pop,38duacoKCmLCQwLBQscDgI,16,14,36,0.6369906597411943,0.6411296047499309,0.6404437117302065,0.647390139702298,0.6500872550907535,0.6703052149663644,0.6274684994306196,0.6221299953804926,0.6532726987094474,0.5718343687990207,0.6117426802170878,0.634648116496845,0.5450678917736633,0.5520578489367487,0.7081869229710349,0.7718457124408712,0.5261949230925924,0.5960954572211303,0.641449560207173,0.6649706328817857,0.6186649150330714,0.6235058742259356,0.6857485485614141,0.6500698400085556,0.7583128951172367,0.7166549835494193,0.7124912550557518,0.6582298889279994,0.6024547244511217,0.5185024111375337,0.6797615028074866,0.7718457124408712
45,15beTB2ivQYUffYp8q8gmG,Names We'll Never Know,['5E3jNudVV5Ut68MiiLX0UN'],https://open.spotify.com/playlist/47MSXsGaZvarTjtPmVxJTK?si=f9c7d058cdfa4f5e,0,post-rock,5E3jNudVV5Ut68MiiLX0UN,13,13,37,0.5998257940638058,0.6041594890809805,0.624493213238989,0.583486229718787,0.5925477705111293,0.636352207276896,0.5710704409020737,0.5842372100765894,0.6447189129785895,0.48206059153666625,0.5600243037022185,0.5290693789906649,0.6432892390274031,0.6151309332752455,0.7709819376944947,0.642456105071449,0.45744814819107793,0.6124004901605783,0.5780277731487946,0.6857421429066957,0.605252708795514,0.6584345780059454,0.7305005503290666,0.5950670878387273,0.6162085322431041,0.606137038760986,0.5974945617676647,0.5879102139561675,0.6300288747120528,0.5518159308361403,0.6508675474731713,0.7709819376944947
46,5wCx74MI90ttbO6dbi31vk,Costermonger,['6tdX8iW13i9uRwGzyfRFMR'],https://open.spotify.com/playlist/47MSXsGaZvarTjtPmVxJTK?si=f9c7d058cdfa4f5e,0,post-punk,6tdX8iW13i9uRwGzyfRFMR,25,28,38,0.6910508079583659,0.731846568290763,0.5976820186921323,0.6381931141550762,0.6134556778274219,0.6028726968920283,0.5264470538104221,0.5455459395720971,0.6067193825711615,0.5652880000586312,0.6571203808566275,0.6239246022532504,0.7435481172755576,0.7651892203653958,0.7242370784642678,0.7530222646388179,0.48608186942604203,0.6209119066701383,0.6179660662327965,0.6816072011011526,0.6213317742742117,0.6635894530613211,0.7302973015866467,0.6521694305744575,0.5922769846623519,0.6507017849042114,0.6778091244561575,0.5481165182379586,0.6343919838704611,0.5788482355100799,0.6371516112472139,0.7651892203653958
47,7fA3SsxcCfZn4MJjcon9Pi,The Other Side Of Life,['6GVy4NToodaTHYxlO6xuXX'],https://open.spotify.com/playlist/47MSXsGaZvarTjtPmVxJTK?si=f9c7d058cdfa4f5e,0,post-punk,6GVy4NToodaTHYxlO6xuXX,18,18,38,0.6910508079583659,0.731846568290763,0.5976820186921323,0.6381931141550762,0.6134556778274219,0.6028726968920283,0.5264470538104221,0.5455459395720971,0.6067193825711615,0.5652880000586312,0.6571203808566275,0.6239246022532504,0.7435481172755576,0.7651892203653958,0.7242370784642678,0.7530222646388179,0.48608186942604203,0.6209119066701383,0.6179660662327965,0.6816072011011526,0.6213317742742117,0.6635894530613211,0.7302973015866467,0.6521694305744575,0.5922769846623519,0.6507017849042114,0.6778091244561575,0.5481165182379586,0.6343919838704611,0.5788482355100799,0.6371516112472139,0.7651892203653958
48,2gcxuSpWOOGR0z0JGsPB7B,milk of the madonna,['6Ghvu1VvMGScGpOUJBAHNH'],https://open.spotify.com/playlist/3ivSu20CWXjveS2h2qZ54K?si=2dfcf9865bbc4501,0,"alternative metal, nu metal, rap metal, rock, shoegaze",6Ghvu1VvMGScGpOUJBAHNH,84,65,39,0.6584178797084302,0.653996244346938,0.6670801699668684,0.6130452690449926,0.6577529122652883,0.5997579012457775,0.5553992448770079,0.6141276325429292,0.6456808398999894,0.5415638757146479,0.5642624613970575,0.5085959198799413,0.5890851981197255,0.6507255715444521,0.6616707179133566,0.6783205659692199,0.5047092817371629,0.7385658749730052,0.7512122441458704,0.7637733859948845,0.5762708381367617,0.6090387209446598,0.6472046507842106,0.6500802314672885,0.5697818972575663,0.5954992619461387,0.6366135579155693,0.5568572061385225,0.6111536471032519,0.5389998027782891,0.578845376004392,0.7637733859948845
49,07UhkkoVZLfX0khL5UzpoZ,A Little Too High,['7mnBLXK823vNxN3UWB7Gfz'],https://open.spotify.com/playlist/3ivSu20CWXjveS2h2qZ54K?si=2dfcf9865bbc4501,0,"blues rock, garage rock, modern blues, rock",7mnBLXK823vNxN3UWB7Gfz,74,57,40,0.6404492971875138,0.606417934070006,0.7498623150827483,0.6571462091522098,0.7328473125639733,0.6969790253808806,0.65293787708912,0.7345654470969579,0.7477049863598436,0.6155741393634415,0.6181315911910544,0.5265065116567191,0.5903409163515462,0.6059796689075675,0.7001960074864853,0.6780262033363333,0.62157730639667,0.7075589098795423,0.7125811387438642,0.759224197926037,0.7033775008024586,0.6222964563961082,0.6478878093151793,0.6326670084810245,0.5763622138639306,0.6365177433450009,0.6291770802380463,0.6425517301053515,0.589708417957088,0.5583806440436052,0.6502143886969187,0.759224197926037
50,20yAG2AZyb8zneVpOib7Vm,The Bay - Purple Disco Machine Edit,"['54QMjE4toDfiCryzYWCpXX', '2WBJQGf1bT1kxuoqziH5g4']",https://open.spotify.com/playlist/3ivSu20CWXjveS2h2qZ54K?si=2dfcf9865bbc4501,0,"alternative dance, new rave,disco house, funky house, house, nu disco","2WBJQGf1bT1kxuoqziH5g4,54QMjE4toDfiCryzYWCpXX",75,51,41,0.5689778543465493,0.5552452417983137,0.5445017402077742,0.5672467830711686,0.5897968122486573,0.5006478336450604,0.5159316653162425,0.4939548155437051,0.5497244059673384,0.6986533207901181,0.7541138057612966,0.6709966992266427,0.6168515033437282,0.637903074653144,0.5931076725482916,0.5946505661453975,0.42845666719085285,0.541096694882477,0.5653800465670065,0.583005301900617,0.5575523670039245,0.5862454382575368,0.627714829632805,0.6064053752970016,0.5577097202495028,0.6163350096054113,0.6162996466789006,0.5239904766388445,0.6937511804465748,0.7311764538202606,0.5562585354363,0.7541138057612966
51,6qJhrI2BMuA8qHcmycD3fL,TESLA,['0w1sbtZVQoK6GzV4A4OkCv'],https://open.spotify.com/playlist/3ivSu20CWXjveS2h2qZ54K?si=2dfcf9865bbc4501,0,"house, tech house",0w1sbtZVQoK6GzV4A4OkCv,70,56,42,0.5584996839204552,0.5271759501802036,0.5758344374790643,0.524401822581505,0.5558694485119076,0.5145293814986776,0.5346027287399551,0.5134593574850115,0.5852345974232839,0.6059217316403112,0.6719622059018955,0.6469389722830561,0.5848049219819939,0.5614833339134002,0.5805942562599171,0.5791555626361705,0.47525021034825454,0.5704775647600371,0.5435753720000581,0.6274917389825532,0.5557888885515104,0.6098372934698901,0.6124234019958624,0.5707759523924418,0.5441928354283037,0.6033153005330733,0.5312446150308038,0.5526180706536432,0.7141181825096193,0.7521834100199527,0.5326210138472522,0.7521834100199527
52,17mBSbqnsXQRYQff2tt6Gt,Still See Love,['4EENT7N7rCBwrddM3s0vFS'],https://open.spotify.com/playlist/3ivSu20CWXjveS2h2qZ54K?si=2dfcf9865bbc4501,0,"alternative dance, indie dance, indie electronic, new rave",4EENT7N7rCBwrddM3s0vFS,51,43,43,0.6207687252592281,0.6103199789175584,0.5174880432837211,0.5692423352565749,0.5611530919554599,0.49286669689039064,0.5050964885001784,0.4818337649076822,0.53521428367687,0.5990913251787227,0.6844848086587585,0.6612819195065747,0.6755295197562773,0.6583404293018515,0.7266923213360751,0.6397838369484417,0.44941021622100497,0.5247009730866548,0.5452684967759763,0.5820025836114648,0.6308981565774421,0.6948014907848769,0.751938317254711,0.6399126216802936,0.5488162117586713,0.6463470222567633,0.6582809247420081,0.5285952794040397,0.7134490379995968,0.7097392066927912,0.5967939211107283,0.751938317254711
53,1ZUr5R4cElzZt2G7SQyqWN,5th Symphony,['0m6mgQ6oL0vNUXCuwjOmxY'],https://open.spotify.com/playlist/3Di88mvYplBtkDBIzGLiiM?si=6d4529e2d42846a1,0,"bass house, future house",0m6mgQ6oL0vNUXCuwjOmxY,48,47,44,0.561583381692255,0.5169399633136935,0.556855458358318,0.49444590065958105,0.5383711940965173,0.5028423420987113,0.5099493299603957,0.5000181941697155,0.5557822769899572,0.618374648700128,0.6673444109266354,0.6064473673505556,0.5561751917402418,0.531113981519334,0.5663098257754432,0.5930764724118291,0.46029179051990965,0.5468754160462386,0.5493855050234273,0.6152170336644214,0.5514094348439532,0.6138723644233899,0.6111246683125288,0.5606269274193983,0.5463341514662398,0.5943012364933355,0.5294785408864663,0.5340380507886707,0.7505157293170933,0.7332969750122809,0.527607784411801,0.7505157293170933
54,69FyQUtThckDUJDFNGDl2P,Onion Substance,['3KrnviJqNVNJ13eO9PxEsQ'],https://open.spotify.com/playlist/47MSXsGaZvarTjtPmVxJTK?si=f9c7d058cdfa4f5e,0,noise rock,3KrnviJqNVNJ13eO9PxEsQ,5,3,45,0.673355039342141,0.7133789879925613,0.6300661023709085,0.6174168868132257,0.6105013703339617,0.6257626658437153,0.5402843704443103,0.5669288989666946,0.6291242784660895,0.5091311234489369,0.5746653654193754,0.5484289932320334,0.5906696860849516,0.5984913669725672,0.7475277092205023,0.6951841976265881,0.5120827387242523,0.6479253817593512,0.6251402651931627,0.71131600544403,0.6606446105449116,0.6480312145146113,0.7046794768591198,0.6051706150121121,0.5512253549722801,0.614404063163891,0.6280764776590952,0.5594105364040917,0.6117405098070301,0.5403241115251154,0.6283517622114343,0.7475277092205023
55,3kjBfQUHygyj7bf9qUL6bC,Big Mistake,['0TQSPwb61gMamv4714hbJb'],https://open.spotify.com/playlist/47MSXsGaZvarTjtPmVxJTK?si=f9c7d058cdfa4f5e,0,"noise rock, sludge metal, stoner metal, stoner rock",0TQSPwb61gMamv4714hbJb,8,14,46,0.6513306255787985,0.658786026857921,0.6759790737400478,0.611179783302385,0.6438827992495618,0.6138341217277827,0.5622388480079774,0.6658368460105137,0.6501333524779884,0.5517450720641727,0.5602714446025807,0.4612645104507587,0.5695404572833245,0.5907285720022467,0.6669273351199685,0.6420367050009584,0.5652378474546098,0.7180774858687788,0.6957673212192751,0.7420944313112234,0.6206213966704744,0.615507317869126,0.6413435755685195,0.5786148607227145,0.4864365134169613,0.5657737872460107,0.5806539976945619,0.5472098645279332,0.5745055446402361,0.5064796711621143,0.5841841771226544,0.7420944313112234
56,1UWux2Vpo3i0yBPGSdEzs8,Poppy,['4Iqegr9oOQYejGiVFPldFZ'],https://open.spotify.com/playlist/47MSXsGaZvarTjtPmVxJTK?si=f9c7d058cdfa4f5e,0,rap metal,4Iqegr9oOQYejGiVFPldFZ,8,12,47,0.6326184676129266,0.6290202119546384,0.6149044500947745,0.5374464600598391,0.5689031293133651,0.594048124862999,0.49160623849210694,0.5439918356503044,0.5915492746757061,0.5389211923801476,0.54854864274949,0.49138045565259597,0.5014918386449325,0.5163215270454706,0.6036066141506983,0.6499636951344457,0.4986203189407646,0.6821950575262943,0.6975876657908914,0.7411675515384888,0.5459857338499277,0.5362837975874788,0.607350850273501,0.5633617538616496,0.5493994591873156,0.5405765134360933,0.5314649004905303,0.5171998691999589,0.6256835116890724,0.5014659002503419,0.48099970625785915,0.7411675515384888
57,0q3jlKYRjRw24PjrAwow1H,Bowery (feat. Kings of Leon),"['40ZNYROS4zLfyyBSs2PGe2', '2qk9voo8llSGYcZ6xrBzKx']",https://open.spotify.com/playlist/3ivSu20CWXjveS2h2qZ54K?si=2dfcf9865bbc4501,0,"country, red dirt","2qk9voo8llSGYcZ6xrBzKx,40ZNYROS4zLfyyBSs2PGe2",90,68,48,0.5327834514176798,0.5716987325831605,0.6045101591921687,0.5038817900513343,0.56086356702558,0.5819429498884504,0.5443670016790002,0.7011115738705439,0.6041439461191729,0.506671897367632,0.49837698863709673,0.4473292534071571,0.4917737738149388,0.45855148009815727,0.5937759207083807,0.5935113955780834,0.735170912295734,0.5440492166615541,0.5655241796969321,0.6131081349301676,0.5533594079287656,0.5476900652797771,0.5995574008486801,0.5269027207950301,0.5164044397412554,0.531428032241736,0.5047233666416352,0.5450583561070121,0.5640139313623762,0.48034888863566055,0.4686840030877102,0.735170912295734
58,6M2I64cG82rHIF9CcTS8iZ,We Don't Dream Their Dreams,['0AzjiMoCvzOmUCPX7944dZ'],https://open.spotify.com/playlist/47MSXsGaZvarTjtPmVxJTK?si=f9c7d058cdfa4f5e,0,"blues rock, modern blues",0AzjiMoCvzOmUCPX7944dZ,16,11,49,0.5828604240621206,0.5581142822043548,0.7232364519513964,0.621860100984936,0.6731787026421954,0.6710830239262165,0.6307683099734165,0.6958719777522898,0.7187405425876525,0.5926359399007018,0.5969939177091624,0.5305531967224144,0.5428150363391607,0.5410777725973606,0.6529938393970625,0.6279710552343692,0.6135760494663038,0.6594070387239268,0.6554294694772045,0.7312097258428899,0.6179903698994063,0.5893849722960272,0.6110051551479017,0.603298480309808,0.5955757371609199,0.6216136335051237,0.5706916109402472,0.6402822640087162,0.5745096856435157,0.5405552815871576,0.6033915850247611,0.7312097258428899
59,41ZAqW5TEE9ocHPRv3hxcE,Last Day On Earth,['66HAxyy84qo8z9CNDDUpwo'],https://open.spotify.com/playlist/47MSXsGaZvarTjtPmVxJTK?si=f9c7d058cdfa4f5e,0,shoegaze,66HAxyy84qo8z9CNDDUpwo,19,25,50,0.5905779392351238,0.6491861831399753,0.5773493600805629,0.6020130954257205,0.5969314356132703,0.6065823956368439,0.5565491212032773,0.5508824844827386,0.5923041109175243,0.5132377968743205,0.5818979703031071,0.5523762724789255,0.6043673315550473,0.6547495127132663,0.7164138040338552,0.6432105292431269,0.46513876969707274,0.5583019451471801,0.594388416705561,0.6236666595596241,0.5916108927773852,0.6970832042096586,0.7285585041629328,0.6754602714379783,0.6273455277007175,0.6176037514549944,0.6929683421341352,0.5833198617894265,0.639404736841503,0.5589702700954277,0.6720691050224837,0.7285585041629328
60,1yliToAXcVpJHLlKvkW6NT,Is There Really Cruelty in Kindness???,['7gJ9ES0nqI44kB8b0S8mQC'],https://open.spotify.com/playlist/47MSXsGaZvarTjtPmVxJTK?si=f9c7d058cdfa4f5e,0,shoegaze,7gJ9ES0nqI44kB8b0S8mQC,17,31,50,0.5905779392351238,0.6491861831399753,0.5773493600805629,0.6020130954257205,0.5969314356132703,0.6065823956368439,0.5565491212032773,0.5508824844827386,0.5923041109175243,0.5132377968743205,0.5818979703031071,0.5523762724789255,0.6043673315550473,0.6547495127132663,0.7164138040338552,0.6432105292431269,0.46513876969707274,0.5583019451471801,0.594388416705561,0.6236666595596241,0.5916108927773852,0.6970832042096586,0.7285585041629328,0.6754602714379783,0.6273455277007175,0.6176037514549944,0.6929683421341352,0.5833198617894265,0.639404736841503,0.5589702700954277,0.6720691050224837,0.7285585041629328
61,1rjNcRFwghUKoZA5wn61Uu,Life,['6QGi06qu6deTJRLZO2YrlP'],https://open.spotify.com/playlist/47MSXsGaZvarTjtPmVxJTK?si=f9c7d058cdfa4f5e,0,shoegaze,6QGi06qu6deTJRLZO2YrlP,14,25,50,0.5905779392351238,0.6491861831399753,0.5773493600805629,0.6020130954257205,0.5969314356132703,0.6065823956368439,0.5565491212032773,0.5508824844827386,0.5923041109175243,0.5132377968743205,0.5818979703031071,0.5523762724789255,0.6043673315550473,0.6547495127132663,0.7164138040338552,0.6432105292431269,0.46513876969707274,0.5583019451471801,0.594388416705561,0.6236666595596241,0.5916108927773852,0.6970832042096586,0.7285585041629328,0.6754602714379783,0.6273455277007175,0.6176037514549944,0.6929683421341352,0.5833198617894265,0.639404736841503,0.5589702700954277,0.6720691050224837,0.7285585041629328
62,40rF9DganloLWnHGDrXKtJ,Follow Your Leader,['7fvWtCg1fOHJ7ATO1kOZh0'],https://open.spotify.com/playlist/47MSXsGaZvarTjtPmVxJTK?si=f9c7d058cdfa4f5e,0,stoner rock,7fvWtCg1fOHJ7ATO1kOZh0,1,2,51,0.5892669263009286,0.5977946503191462,0.697525283429575,0.6102237320405332,0.649018774902477,0.7039945376833995,0.5940997962052258,0.6690965737142116,0.6801643209345555,0.5386237677200736,0.5611759930782173,0.46099830470828906,0.5207820376798712,0.5166353485453468,0.7035841030545454,0.5974341459283106,0.5590429037174814,0.6560735432046709,0.6479185269060368,0.7280392110316647,0.6132940286449167,0.6117751225175726,0.6650013954932155,0.5678606289774466,0.5378864028122438,0.5248139075593994,0.5498915691848474,0.5887225023206957,0.594712099309352,0.48592012681249985,0.6236247587174752,0.7280392110316647
63,59YLoLaKOBMSU8k5pwEkXu,De Papel,['7vXDAI8JwjW531ouMGbfcp'],https://open.spotify.com/playlist/3ivSu20CWXjveS2h2qZ54K?si=2dfcf9865bbc4501,0,latin pop,7vXDAI8JwjW531ouMGbfcp,79,59,52,0.48351387994807726,0.5169284148681969,0.5107756193466036,0.49137265208415504,0.5083380813691002,0.5453865468368689,0.5167065046884669,0.5204897840489185,0.543293612625895,0.5776223834386285,0.5752024225340188,0.5644522195302674,0.6651708523768423,0.4688340098420322,0.5701425096914239,0.6197344676540029,0.49597100557828927,0.5052124017679598,0.5286927876868983,0.5506659834848919,0.7270039188326414,0.5360094012046255,0.5855407525326779,0.548866271782911,0.7222294028563232,0.6888649695541191,0.5523005353244793,0.5570341853047553,0.6090414407339124,0.5278489267069438,0.5813672798103959,0.7270039188326414
64,1HP9F6W4Zdq8kRnNSnDceu,Country Roads,"['06IsOt9ciCugTA449PoUad', '34MSwSLRID464bAqEzGrFj']",https://open.spotify.com/playlist/3Di88mvYplBtkDBIzGLiiM?si=6d4529e2d42846a1,0,hardstyle,"06IsOt9ciCugTA449PoUad,34MSwSLRID464bAqEzGrFj",20,19,53,0.6177495170949939,0.5455493271883933,0.6192735449174618,0.5172788587708755,0.5643282409903366,0.5636494481525786,0.4856004720510972,0.49352015248176756,0.5725370981782273,0.5491103464859005,0.610697385307244,0.6507247119369398,0.48351782858975184,0.5116108282644405,0.572256566962213,0.5846888325394267,0.46792925142965874,0.6291551799756012,0.622251618195091,0.7122162225794867,0.4546349597205756,0.5251051664687905,0.6139023426396528,0.5306852124940394,0.5706863592789359,0.5477274539105941,0.5031149643028722,0.50509813564428,0.7264753571248062,0.6216483781322735,0.46575405786629387,0.7264753571248062
65,1i8ikCzFVWgYQHoaYmDuBU,Lunettes quartier,['3IW7ScrzXmPvZhB27hmfgy'],https://open.spotify.com/playlist/3ivSu20CWXjveS2h2qZ54K?si=2dfcf9865bbc4501,0,"french rap, pop urbaine",3IW7ScrzXmPvZhB27hmfgy,86,58,54,0.5393668666371157,0.5276098495183995,0.4994801224747448,0.464149691356401,0.4949512227501356,0.4639661464731636,0.4877813049449644,0.4672016737556345,0.523038656209821,0.5929846284384952,0.6048054728485324,0.5642286844489958,0.5657356519979775,0.5184198242282221,0.5638612575916095,0.6194794672820616,0.46762954938603907,0.5049708774629651,0.49722063744741485,0.5520520892093377,0.5572237161988378,0.5773633404811276,0.5905289836862273,0.5587200427814558,0.5969213977446483,0.6454131915324287,0.5255401262664745,0.5173883307238981,0.6179884120980472,0.7256434619295444,0.5200832258031458,0.7256434619295444
66,4qbhXNqODpReth3SpoGdhy,Datura Dreams,['3NjRMU5XHpgjgKOGMSHiOr'],https://open.spotify.com/playlist/47MSXsGaZvarTjtPmVxJTK?si=f9c7d058cdfa4f5e,0,"neo-psychedelic, psychedelic rock, space rock, stoner rock",3NjRMU5XHpgjgKOGMSHiOr,7,14,55,0.5694166401788562,0.5673476695567585,0.6639433733696203,0.6552922128949,0.6735392138429698,0.6368006143808926,0.6049978206751125,0.6589620770162488,0.6560771491432358,0.5608707179674647,0.6020237995464872,0.5064867980280794,0.5548301030234244,0.5939834500074102,0.6545550183595169,0.5775579890067946,0.5293097758139274,0.6300806163727345,0.6435094137014344,0.6687793800668576,0.5998568705760119,0.611693190747741,0.6264107996419648,0.6186022448577961,0.5296921261317494,0.5813538889947055,0.6116205441582813,0.5896756557281302,0.5620702859847426,0.5219362336566723,0.724236239171471,0.724236239171471
67,3vC63Nh3rSREo7qDHgnx8I,DANCING ALONE,['63sat2XSMKdwKfqspmYQKP'],https://open.spotify.com/playlist/3ivSu20CWXjveS2h2qZ54K?si=2dfcf9865bbc4501,0,k-pop,63sat2XSMKdwKfqspmYQKP,55,56,56,0.5660583681090074,0.6076834333156818,0.5849838344763123,0.5725977974339133,0.5916785026130674,0.5992099107558078,0.5296507238808539,0.5485269426065348,0.6038435013559857,0.5892905474982804,0.6080325402008593,0.5933587036668273,0.5566618460781914,0.5260377613281595,0.6412929564583273,0.6729267807498078,0.4902300200367223,0.5827534390885721,0.6139338776847622,0.6537614832302626,0.5501577993784282,0.5993069558967526,0.6729087683965113,0.5650996433223795,0.7080983393440816,0.6906716600948624,0.5665031308397135,0.5588769928003765,0.7212454719851116,0.5735158735307808,0.5789480759306963,0.7212454719851116
68,3C6F5YZOGUVURgkkgLzwa2,No Sharing (feat. Luh Tyler),"['2EMAnMvWE2eb56ToJVfCWs', '1K15GRZZATsCJyGJ4bYiEz']",https://open.spotify.com/playlist/3ivSu20CWXjveS2h2qZ54K?si=2dfcf9865bbc4501,0,"r&b, trap soul","1K15GRZZATsCJyGJ4bYiEz,2EMAnMvWE2eb56ToJVfCWs",83,60,57,0.5056003098664349,0.5327437698001065,0.5612979735429754,0.4913071028856806,0.535430204483573,0.5238031283001615,0.5738765772165986,0.5646784308685254,0.574338844268658,0.7171871940645934,0.6446118552527214,0.5523223464636922,0.5663294989845287,0.5532735276366962,0.5681098543860797,0.5716189579739294,0.5167898671699156,0.5207089839850888,0.5330604827340762,0.5883062806453401,0.5310145156781442,0.6168052130852213,0.6077479113639298,0.5650881615250366,0.6205712879339185,0.6224735280189672,0.5399955020376963,0.605579111934094,0.6796219396914843,0.6004612795399706,0.5281614591037752,0.7171871940645934
69,42a9PusvgFnyH0WgdCn6PV,London Song,['3MekbRujJg5VZThubOlrkR'],https://open.spotify.com/playlist/3ivSu20CWXjveS2h2qZ54K?si=2dfcf9865bbc4501,0,hyperpop,3MekbRujJg5VZThubOlrkR,54,40,58,0.5805239184669779,0.614551031824873,0.4939943280779761,0.5550608328044733,0.5334265059285992,0.49941403262034995,0.4771219383496562,0.4593260621951697,0.5016153932031856,0.5190863988592122,0.6181672878237484,0.6489287200049391,0.5734578132312205,0.5442512799751951,0.609334268246846,0.6758998255026135,0.44957545494995615,0.518128140235598,0.5649974071252486,0.5878482465570236,0.5635685296810702,0.6107769374827741,0.6517644053348084,0.5806721100575309,0.6449949854108771,0.7165094687930827,0.6017794036178469,0.5124438556130139,0.696257092724815,0.6038938902907938,0.5908628001706977,0.7165094687930827
70,6nqCRkFSqm42exhOFkuwFb,Unwind,['30cagb6OxXV1wv3kAfeWHJ'],https://open.spotify.com/playlist/47MSXsGaZvarTjtPmVxJTK?si=f9c7d058cdfa4f5e,0,grunge,30cagb6OxXV1wv3kAfeWHJ,11,13,59,0.6138452188427431,0.716322001123298,0.6367962899057109,0.5796962780923497,0.6133572268180439,0.6536206278116419,0.5471399421234656,0.5751185478661377,0.6333690571290775,0.5378504552263305,0.5424126628687824,0.47649903252377945,0.5169512730778544,0.5735170063425937,0.6710019279015763,0.6636617081267111,0.531108104643313,0.6189083058683611,0.6320369718393932,0.6671206913493073,0.5432772085051388,0.6121301875300257,0.6825132615622488,0.6302888076260635,0.579619759418914,0.5699036726247102,0.6148672239845774,0.5541149457299159,0.598936406885698,0.465923564820576,0.5692884926975217,0.716322001123298
71,1qnFnEDa38Yz26Vvpqdk4l,Waiting For Ya,"['1whPdBCsbQv270FMoML1fa', '3Wx6i3YgqSGlvxVTS4UsMV']",https://open.spotify.com/playlist/3Di88mvYplBtkDBIzGLiiM?si=6d4529e2d42846a1,0,"bass house, brazilian bass, future house","1whPdBCsbQv270FMoML1fa,3Wx6i3YgqSGlvxVTS4UsMV",39,45,60,0.5335490829074837,0.5030400400305968,0.5273933883201778,0.4590016056309822,0.5070556988763931,0.47476386265690224,0.49239638177023787,0.48049840330379345,0.5248977836062978,0.6237776977925445,0.6519437223623319,0.570715140741974,0.6077869968505675,0.5276915270271577,0.5385901357556411,0.556828022378164,0.44212271733656033,0.5363800246479419,0.5290413846435336,0.5873556075153427,0.5858145645213645,0.5832877336604804,0.5812245602144689,0.5360572134043314,0.5221178054689213,0.571396992243375,0.5121468118885371,0.5127223632542793,0.7161370249839711,0.6992782307615439,0.5093821674841785,0.7161370249839711
72,17W1qDE79lsiQaCeLPUcGl,Baby Spoon,['2hR4h1Cao2ueuI7Cx9c7V8'],https://open.spotify.com/playlist/3ivSu20CWXjveS2h2qZ54K?si=2dfcf9865bbc4501,0,bedroom pop,2hR4h1Cao2ueuI7Cx9c7V8,70,49,61,0.5288467571425831,0.5969676286766286,0.4898886780559436,0.5251016944495555,0.5096706253017528,0.5228187910234506,0.551436436027854,0.48143556479045924,0.5268980954685842,0.5161712725367186,0.5702079120472888,0.5575871317785526,0.6026858930970461,0.5510783567244124,0.6770647052908195,0.6724688219275204,0.4398701096518016,0.4443211858251944,0.4885911766692024,0.5250447120307196,0.6169193836397844,0.7042284226771645,0.7019976923199001,0.5940888967323914,0.711558424767675,0.6979902492105263,0.6248410080222265,0.5939895043342505,0.6511450501547555,0.5602050129139942,0.662091859300944,0.711558424767675
73,5t6WasNuGNuc7u4cqPcjCq,Grand-mère,['0avwZ2v9jOgVLB1IfimwdA'],https://open.spotify.com/playlist/3ivSu20CWXjveS2h2qZ54K?si=2dfcf9865bbc4501,0,"chanson, french indie pop, french pop",0avwZ2v9jOgVLB1IfimwdA,45,39,62,0.5149577502978402,0.5350893125806759,0.5049027198040195,0.543450299552512,0.5422454072398777,0.4867333504576127,0.5221663030137981,0.4964729164219037,0.5420027556417085,0.5174491489888249,0.5771526525737279,0.5691670250882906,0.6151613130607001,0.5590269017669024,0.6674063704890019,0.6195376658363756,0.48608965965608175,0.4750815175383407,0.5016872788341217,0.5227134805345653,0.6113822687251405,0.6563194884349879,0.6743926418611658,0.578498910731819,0.6377113350144769,0.6922676075649745,0.5876781859436504,0.5439102920282683,0.5520617802999386,0.7111506963893748,0.6226577854888147,0.7111506963893748
74,7Fl4Yx0uU0qjcXB3XnqaWi,The Man With The Plan,['4gMWwCNSzhEdpVNmWHrjlm'],https://open.spotify.com/playlist/47MSXsGaZvarTjtPmVxJTK?si=f9c7d058cdfa4f5e,0,space rock,4gMWwCNSzhEdpVNmWHrjlm,6,10,63,0.5493023719877259,0.5815583952450183,0.6506969855878588,0.667209118908189,0.6544161659566531,0.6866765622823419,0.6202772136430896,0.6235147987346359,0.6619945442875477,0.5637976353233318,0.643516216422598,0.565455080494275,0.5490262754191919,0.5647665514083532,0.6970141771461728,0.5858635636811023,0.5063631041957354,0.595889916752745,0.6107256854869325,0.6781751246023038,0.5984240697969019,0.6072851039485128,0.6678080500858963,0.611007732546172,0.5818262687080917,0.5947722439792262,0.6019526287402827,0.6297526934200391,0.6153743730036536,0.5440516119074258,0.674132706052313,0.6970141771461728
75,0DnvacS8XlxKg08ujiNOn2,Si Juegas Conmigo (ASA25),"['1ackd5XprZEkH3McKbQD51', '2bxxlINUlcMQQb39K7IopR']",https://open.spotify.com/playlist/3ivSu20CWXjveS2h2qZ54K?si=2dfcf9865bbc4501,0,"latin, reggaeton","1ackd5XprZEkH3McKbQD51,2bxxlINUlcMQQb39K7IopR",73,47,64,0.5328825170397807,0.5356917837073587,0.537083345715874,0.4566335532594631,0.5097168555272452,0.5008741250445177,0.4958518306923177,0.5165979029545574,0.5577407045837997,0.6839100545395773,0.6097446499277239,0.5527801130518903,0.6687477410958121,0.4899354036252674,0.5276676300878861,0.5835698276454254,0.5121552888155019,0.5420555961000197,0.5304417974420675,0.5863939489440957,0.6969226678366306,0.5548485960118396,0.5665702986477715,0.534062487437151,0.580953788897625,0.5858487979717554,0.49976506109624447,0.5197044113885195,0.6615962491859537,0.5840618241689169,0.5050900855039039,0.6969226678366306
76,2JsjvfQA6WD8aMpUH9CZed,FUCK ME,['1QsdzIKkTT5gDFj8GB1cIX'],https://open.spotify.com/playlist/6s4HdPQQMfyAkSC2wrotE3?si=d0411b2681b5474f,0,french r&b,1QsdzIKkTT5gDFj8GB1cIX,68,22,65,0.4398855701094958,0.4729898792657674,0.4585329899894716,0.4423854894230996,0.45327334479445197,0.4717368191354194,0.48485850537331104,0.4473296862003011,0.4795078683021486,0.6370019387322623,0.5884268122466102,0.5318885365348294,0.5280368679563331,0.4979966173830895,0.5310007596909546,0.497086537725018,0.4249753072856782,0.42558032398974666,0.45109028839447707,0.4912864260482081,0.5132497274570986,0.536685187377396,0.5635810980277438,0.5166592536017304,0.5935059845018571,0.561523557839157,0.49235500269105575,0.5228681044356406,0.5900387922387192,0.6947270368764094,0.48681518214919123,0.6947270368764094
77,0PLEcRTmhL9By2KMTqLbzz,Revolú,['2CCgb0KApjfQDuTppovpf8'],https://open.spotify.com/playlist/3ivSu20CWXjveS2h2qZ54K?si=2dfcf9865bbc4501,0,"flamenco, flamenco urbano",2CCgb0KApjfQDuTppovpf8,74,51,66,0.5475294047476265,0.5646053831618414,0.521050234933367,0.5014242352919737,0.5254219098169012,0.5047965502013488,0.5040983827049387,0.5100760638921008,0.5443023003682761,0.5855517895844461,0.5868617025127415,0.5338759037787058,0.63442559083434,0.5189105400936538,0.5887254022056638,0.5883457944346717,0.4953166999396538,0.5363582761648126,0.536406193483652,0.5768483368986603,0.688143475559164,0.5868398702171707,0.6127061991716831,0.5762466405039425,0.5595464826099668,0.5831171054296681,0.561687990698117,0.5379471378029367,0.6107474453254174,0.5627956926625503,0.5445591933339801,0.688143475559164
78,2YulvYL44Sg64T4hI9YMAA,Majestic,['0nPrFoUuwcB27aaf1qEOak'],https://open.spotify.com/playlist/47MSXsGaZvarTjtPmVxJTK?si=f9c7d058cdfa4f5e,0,post-grunge,0nPrFoUuwcB27aaf1qEOak,4,2,67,0.6076583697067179,0.6321763903197539,0.6472242756638548,0.5637028896666255,0.5985876471092664,0.6347958088798639,0.5430582305753495,0.5848302258584298,0.6233178324777634,0.5061356180351415,0.5197422010789448,0.4835011239606747,0.5247504021024503,0.5615334693339887,0.6430359987138062,0.6588251825111882,0.493264686342299,0.6310942117046723,0.6495411266901439,0.682318468610216,0.5145075836257108,0.5528229507144926,0.6277363773949414,0.5930418683836417,0.6013796699272211,0.5504607194058727,0.5720183895363694,0.5607620515049173,0.5701698440018934,0.4601066341777651,0.5339720949951408,0.682318468610216
79,4vruXws0tp4Dam7RVG0A1N,Half Past Rad,['2ZPmMeQmmHBazEw3CY3dYp'],https://open.spotify.com/playlist/47MSXsGaZvarTjtPmVxJTK?si=f9c7d058cdfa4f5e,0,midwest emo,2ZPmMeQmmHBazEw3CY3dYp,10,6,68,0.6096529285959656,0.5958454039117448,0.5134229256471398,0.46746371754525096,0.48408676981664056,0.5319058168401891,0.5133192677880309,0.49652789094076627,0.5299318778036776,0.44527970412591483,0.49395138789844545,0.4516933312980611,0.5483747457731055,0.5609470632016055,0.6624037052551287,0.6483248150568344,0.4556329174616996,0.5034381814314538,0.5135511653633702,0.5643802170221262,0.5353693825696204,0.63994242934306,0.6756133637449707,0.5673880316718148,0.5405601020075713,0.5308832109173711,0.5766752642681446,0.5386955456060553,0.6034057219508769,0.46610312098802514,0.5100644018968962,0.6756133637449707
80,15PEecwYoKU9nK2Izj4jGj,Ship Sailed,['6aZUjjOjmoRxxh2rR4fv9P'],https://open.spotify.com/playlist/47MSXsGaZvarTjtPmVxJTK?si=f9c7d058cdfa4f5e,0,midwest emo,6aZUjjOjmoRxxh2rR4fv9P,7,9,68,0.6096529285959656,0.5958454039117448,0.5134229256471398,0.46746371754525096,0.48408676981664056,0.5319058168401891,0.5133192677880309,0.49652789094076627,0.5299318778036776,0.44527970412591483,0.49395138789844545,0.4516933312980611,0.5483747457731055,0.5609470632016055,0.6624037052551287,0.6483248150568344,0.4556329174616996,0.5034381814314538,0.5135511653633702,0.5643802170221262,0.5353693825696204,0.63994242934306,0.6756133637449707,0.5673880316718148,0.5405601020075713,0.5308832109173711,0.5766752642681446,0.5386955456060553,0.6034057219508769,0.46610312098802514,0.5100644018968962,0.6756133637449707
81,0Pu6diKHLUJiU0Sp9Ab0iT,Certified Club Bangers,['3uz90HaZtskI3acu7M0dqV'],https://open.spotify.com/playlist/47MSXsGaZvarTjtPmVxJTK?si=f9c7d058cdfa4f5e,0,noise music,3uz90HaZtskI3acu7M0dqV,5,5,69,0.6091512003309886,0.6619001982677108,0.5537482095447351,0.5552505462511181,0.5378059601391106,0.5428059747039826,0.47176123505160716,0.48184711051546086,0.5478815983772782,0.4950929463883797,0.5622496499848025,0.5557576739139761,0.5769366552616849,0.5833356544294896,0.6543759845660334,0.6229363214771606,0.4878355855939017,0.6083615793821016,0.5836600142444289,0.6574401711185303,0.572597467024948,0.6283570891137735,0.6724603318003477,0.5536979424234231,0.5276213474832657,0.6018624213155417,0.5775935485952693,0.4953180257221709,0.6334289578315431,0.5420659038097372,0.5682548795792957,0.6724603318003477
82,5W9Jpola8g6PKme03XOxP6,Tokyo 1,['3GeWutjuNRg9uRqiIejRT9'],https://open.spotify.com/playlist/3ivSu20CWXjveS2h2qZ54K?si=2dfcf9865bbc4501,0,"ambient, drone",3GeWutjuNRg9uRqiIejRT9,33,20,70,0.5570172627117118,0.5710606847142508,0.5128765284922876,0.4834293718376227,0.48468173553555355,0.48673612214970496,0.5060582144439069,0.4855917081195967,0.5335040434035654,0.4754548933262538,0.5802304984061446,0.5748702017931397,0.6232841054446397,0.5778880964083831,0.6190412854269984,0.5638893094081024,0.47782474135547814,0.5495327732452956,0.4999410590805953,0.6071283238682775,0.5443407626060663,0.6723935256701535,0.6522035947214091,0.5323585277244482,0.5244598950159323,0.5911876214017615,0.5212802277268606,0.5355524449488535,0.6184896469092961,0.5796152440260915,0.5832812581228053,0.6723935256701535
83,3RhteRRoVNCF9ryiqSA3BY,Tonight,['3MmirJDMsXTItqTBaZeXGX'],https://open.spotify.com/playlist/22XHJsFcjUYZi84RzkMPr2?si=4c7e7c09ec564215,0,egg punk,3MmirJDMsXTItqTBaZeXGX,5,5,71,0.6170460528824167,0.6503669416806418,0.503740769989682,0.5286690266633317,0.5057019435739432,0.522794816738448,0.4748742955042188,0.49475940980784955,0.5106467798374994,0.49625186155608686,0.5303059855830268,0.5008035667607894,0.5560167776718926,0.5397506972821633,0.6100069379297465,0.6667432603124093,0.45061937839905924,0.5058575619828819,0.5151055088619183,0.5792311529102714,0.5722246235973028,0.5698174957930241,0.6265942309790011,0.5371453034576594,0.534516237771085,0.5525305777968412,0.5596529923946179,0.4899877123096928,0.5964754888362733,0.5025938437754256,0.5415885971085705,0.6667432603124093
84,7IiTHjMxDcHwc2vkZBQufy,Johnny Rotten Is a Fascist Pig,['3GdoLGz8ckrnbwXiIzs81p'],https://open.spotify.com/playlist/2ixwcMhkBf6t5f94IFjoun?si=0a75bd430a3b47ca,0,egg punk,3GdoLGz8ckrnbwXiIzs81p,5,4,71,0.6170460528824167,0.6503669416806418,0.503740769989682,0.5286690266633317,0.5057019435739432,0.522794816738448,0.4748742955042188,0.49475940980784955,0.5106467798374994,0.49625186155608686,0.5303059855830268,0.5008035667607894,0.5560167776718926,0.5397506972821633,0.6100069379297465,0.6667432603124093,0.45061937839905924,0.5058575619828819,0.5151055088619183,0.5792311529102714,0.5722246235973028,0.5698174957930241,0.6265942309790011,0.5371453034576594,0.534516237771085,0.5525305777968412,0.5596529923946179,0.4899877123096928,0.5964754888362733,0.5025938437754256,0.5415885971085705,0.6667432603124093
85,0oqLqMLpYU1mrYiQKladHv,Breaking Me,['1BuviVdsm04nYC0dNxjhdE'],https://open.spotify.com/playlist/47MSXsGaZvarTjtPmVxJTK?si=f9c7d058cdfa4f5e,0,egg punk,1BuviVdsm04nYC0dNxjhdE,0,0,71,0.6170460528824167,0.6503669416806418,0.503740769989682,0.5286690266633317,0.5057019435739432,0.522794816738448,0.4748742955042188,0.49475940980784955,0.5106467798374994,0.49625186155608686,0.5303059855830268,0.5008035667607894,0.5560167776718926,0.5397506972821633,0.6100069379297465,0.6667432603124093,0.45061937839905924,0.5058575619828819,0.5151055088619183,0.5792311529102714,0.5722246235973028,0.5698174957930241,0.6265942309790011,0.5371453034576594,0.534516237771085,0.5525305777968412,0.5596529923946179,0.4899877123096928,0.5964754888362733,0.5025938437754256,0.5415885971085705,0.6667432603124093
86,6m3Bk94meDjZTLYBNU9yLZ,QUE PERRA ME VEO,['0KKUc4amZyvswV2YL6WTar'],https://open.spotify.com/playlist/3ivSu20CWXjveS2h2qZ54K?si=2dfcf9865bbc4501,0,"reggaeton, trap latino",0KKUc4amZyvswV2YL6WTar,66,36,72,0.513950149525141,0.5089133177279505,0.4939520999275737,0.41608886768587294,0.46885743271131536,0.4384957201357326,0.4689062347888636,0.4821442858486082,0.5050902742769926,0.6108671621598789,0.5807517807501817,0.5227682638997998,0.661946141982219,0.479910244408432,0.5034013032143523,0.5603871576779317,0.48146406923891066,0.5162616785576806,0.4899802586023475,0.5536780917602987,0.6663929877993353,0.5640756379478423,0.5428115848555053,0.4967602722173589,0.5355073086010733,0.54921400068159,0.4685621005033524,0.4895017813868551,0.6353867637048032,0.5583411862434514,0.4743749407679839,0.6663929877993353
87,5sVrb7EJxs2LriI1m3KuX2,just say dat,['2hlmm7s2ICUX0LVIhVFlZQ'],https://open.spotify.com/playlist/3ivSu20CWXjveS2h2qZ54K?si=2dfcf9865bbc4501,0,melodic rap,2hlmm7s2ICUX0LVIhVFlZQ,88,68,73,0.5638660708354412,0.5300389392952393,0.5309375855564852,0.4608254020744937,0.5011361727438107,0.5255827609205955,0.5110760849840258,0.5040737868677467,0.5410249658663963,0.5101173690288061,0.5440211092525808,0.5086195856182318,0.5246608898665284,0.501249712870414,0.5814667856899146,0.6007431658882119,0.4807946429756379,0.5566096248935329,0.5418649190008245,0.6089335977061497,0.504235267328436,0.5914294651342266,0.6065595713370572,0.5144103320759128,0.6147012860050708,0.5731887199064921,0.5059949572179561,0.5386874227847419,0.6596771636651594,0.5133289533772841,0.5141773127871598,0.6596771636651594
88,31C7psknR5LicjpCqtH9aw,Gabriela (with Young Miko) - Young Miko Remix,"['3c0gDdb9lhnHGFtP4prQpn', '3qsKSpcV3ncke3hw52JSMB']",https://open.spotify.com/playlist/3ivSu20CWXjveS2h2qZ54K?si=2dfcf9865bbc4501,0,"k-pop,trap latino","3c0gDdb9lhnHGFtP4prQpn,3qsKSpcV3ncke3hw52JSMB",85,59,74,0.5033604376582469,0.5156814050777374,0.5008803962100551,0.4473269804757014,0.48796579763707115,0.45908636187575863,0.4638947595467625,0.49150972666811843,0.5113664784733639,0.5567038074298627,0.5658543231300649,0.5176179610239272,0.6393628207074283,0.48264187529609004,0.5126214793666338,0.5747078320088276,0.4478510575399093,0.5125862727745257,0.5068404769837953,0.5636287697365823,0.6314204467814992,0.5516641413517855,0.5503146260762609,0.4939575701629917,0.5801060879884733,0.5929285335366311,0.47867328782076884,0.479392628664292,0.6510339508851626,0.5541768934748417,0.49688804029996375,0.6510339508851626
89,4SC29UjZqGD3DaZNipthGk,Kiss Me Thru The Phone pt 2 (with PinkPantheress),"['21UPYSRWFKwtqvSAnFnSvS', '78rUTD7y6Cy67W1RVzYs7t']",https://open.spotify.com/playlist/3ivSu20CWXjveS2h2qZ54K?si=2dfcf9865bbc4501,0,"afro r&b, afrobeats, alté,bedroom pop","21UPYSRWFKwtqvSAnFnSvS,78rUTD7y6Cy67W1RVzYs7t",82,53,75,0.48225960985757105,0.5313492911557821,0.5080066137170793,0.5184781690919726,0.5294518115362892,0.49982659306585,0.5432545938385436,0.506106810910191,0.5187371269719172,0.6493308863685211,0.5952500549301472,0.5265373793422691,0.6063046804417753,0.5803742438268579,0.5951470224501367,0.5767957719671292,0.4345178769822907,0.48921066468625124,0.5241324115926106,0.5426817731105305,0.5769221909308221,0.6070541910673968,0.6252109055956446,0.5675861787844093,0.6033363006246946,0.6321608541535678,0.5828067307046266,0.5599035403725882,0.6341275886249255,0.5507040706748558,0.5501739966999688,0.6493308863685211
90,5cU5OKvKTGJqgNRE7QC0mO,Until I Die,['17Vw9uuOYB7XYjPt0LNFN0'],https://open.spotify.com/playlist/6s4HdPQQMfyAkSC2wrotE3?si=d0411b2681b5474f,0,"breakcore, hyperpop, jungle, speedcore",17Vw9uuOYB7XYjPt0LNFN0,60,45,76,0.6394595921171115,0.6359571762660039,0.4949762254891962,0.51124268955191,0.5031688219112421,0.43090387775918954,0.43307725643309114,0.4267543634427366,0.4836234874688039,0.5358034091227821,0.6008896907300704,0.6368763227711691,0.58635977634453,0.5864152650867573,0.5534636061682152,0.6486580794386184,0.42713205435251894,0.5555504241088811,0.5407101390090491,0.6067324339558583,0.5355151823621805,0.5895939579607854,0.5900495870876816,0.5912328186676924,0.5313948705813433,0.6251709092150306,0.5941026890514981,0.46046767397639277,0.6465490269293744,0.614113397630883,0.5482428092292143,0.6486580794386184
91,7aamc4vRYmHLYI2aKTDjdJ,Dust Bowl,['0avMDS4HyoCEP6RqZJWpY2'],https://open.spotify.com/playlist/3ivSu20CWXjveS2h2qZ54K?si=2dfcf9865bbc4501,0,southern gothic,0avMDS4HyoCEP6RqZJWpY2,73,63,77,0.47822067957289854,0.5248201843734819,0.49543046042635785,0.45506681018590917,0.46300423890481507,0.535533967647425,0.48586076604789746,0.6472632497347223,0.5083575554023124,0.45143999362089077,0.4918037939028641,0.42040533716587164,0.5801863376677714,0.5687763507397435,0.5932934378351317,0.5209996168790922,0.6038613677280984,0.4715529716391534,0.4889273260735094,0.5425099973009375,0.5570228969681321,0.5754528500031871,0.6063366341719847,0.47590397322461975,0.4920997510394747,0.5131953859315308,0.4981018223261126,0.5000632205506521,0.5295382278684375,0.456592587360585,0.5314789825812829,0.6472632497347223
92,1H5RGYyZs54XMFLQZLbXOr,Yellow Eyes,['251UrhgNbMr15NLzQ2KyKq'],https://open.spotify.com/playlist/5OVTqQiUOuQoGhpC24sZWd?si=6fa97b7f934f43dc,0,southern gothic,251UrhgNbMr15NLzQ2KyKq,52,43,77,0.47822067957289854,0.5248201843734819,0.49543046042635785,0.45506681018590917,0.46300423890481507,0.535533967647425,0.48586076604789746,0.6472632497347223,0.5083575554023124,0.45143999362089077,0.4918037939028641,0.42040533716587164,0.5801863376677714,0.5687763507397435,0.5932934378351317,0.5209996168790922,0.6038613677280984,0.4715529716391534,0.4889273260735094,0.5425099973009375,0.5570228969681321,0.5754528500031871,0.6063366341719847,0.47590397322461975,0.4920997510394747,0.5131953859315308,0.4981018223261126,0.5000632205506521,0.5295382278684375,0.456592587360585,0.5314789825812829,0.6472632497347223
93,4cyvRYtlLDiVkPtXQpYVpQ,Stuttrap,"['2Fn2ztLqyHRiJw53gXonuz', '1Rfcqv8E6YFLULlT9g1fCq']",https://open.spotify.com/playlist/6s4HdPQQMfyAkSC2wrotE3?si=d0411b2681b5474f,0,"alté, kuduro, singeli","1Rfcqv8E6YFLULlT9g1fCq,2Fn2ztLqyHRiJw53gXonuz",19,16,78,0.533061401482839,0.5979992969978706,0.5108824417314377,0.5093605193861863,0.5161262169619145,0.4857867206910717,0.501985969511752,0.4848089047924789,0.5191323161361204,0.6072808653061933,0.6283940262952205,0.5554656736815343,0.6241033957643527,0.5799497575930074,0.5873338245194252,0.5770985802572459,0.4543115516284293,0.5252138881307971,0.514245949487435,0.5728933521439404,0.5960063789739227,0.6002865730352185,0.6295229533282591,0.5705079773512561,0.5448953742386327,0.602616893502004,0.5706090632194706,0.5232384048247157,0.6366523154789488,0.5730091641396196,0.5321009965112297,0.6366523154789488
94,3vqUk6TpLIiktcYiAXCOEz,Momo,['2Fn2ztLqyHRiJw53gXonuz'],https://open.spotify.com/playlist/6s4HdPQQMfyAkSC2wrotE3?si=d0411b2681b5474f,0,"alté, kuduro, singeli",2Fn2ztLqyHRiJw53gXonuz,19,15,78,0.533061401482839,0.5979992969978706,0.5108824417314377,0.5093605193861863,0.5161262169619145,0.4857867206910717,0.501985969511752,0.4848089047924789,0.5191323161361204,0.6072808653061933,0.6283940262952205,0.5554656736815343,0.6241033957643527,0.5799497575930074,0.5873338245194252,0.5770985802572459,0.4543115516284293,0.5252138881307971,0.514245949487435,0.5728933521439404,0.5960063789739227,0.6002865730352185,0.6295229533282591,0.5705079773512561,0.5448953742386327,0.602616893502004,0.5706090632194706,0.5232384048247157,0.6366523154789488,0.5730091641396196,0.5321009965112297,0.6366523154789488
95,0PjXRi6lYapTH4BXl8xNlU,JUNGLE TEKNAH,['2TFDQkQ7LahhuwL9p7R6MO'],https://open.spotify.com/playlist/6s4HdPQQMfyAkSC2wrotE3?si=d0411b2681b5474f,0,"breakbeat, breakcore, footwork, jungle",2TFDQkQ7LahhuwL9p7R6MO,30,0,79,0.5924160759387233,0.585269096351952,0.4757050629092753,0.45578857813807216,0.46405980967058963,0.4215061105295538,0.4205667770957872,0.4185127983629215,0.470242264684032,0.5787226272822994,0.6105625868567773,0.5779286801843805,0.573524116678435,0.577100455690034,0.5373858962214985,0.5615618143376084,0.41961721403254826,0.5324991376179355,0.49389791347746353,0.5774975016242414,0.5130595820426875,0.5811173749806007,0.5762730414433757,0.5711546160830244,0.4406922594961057,0.5292663695300897,0.5596202716990923,0.4415879965420993,0.634149544005963,0.6152757867805709,0.48518779714757365,0.634149544005963
96,1Zk9bkQuosHrNjJNlESvfp,Dey,['2Q01XKiycTMJqmeGbGcxX6'],https://open.spotify.com/playlist/6s4HdPQQMfyAkSC2wrotE3?si=d0411b2681b5474f,0,miami bass,2Q01XKiycTMJqmeGbGcxX6,17,0,80,0.5004718400673556,0.5364009413262949,0.4810051580596508,0.43855583155539823,0.4645979711753951,0.5050112041717026,0.49007535716193384,0.4930334678806703,0.4844805394250227,0.6075237221257066,0.6214620522583301,0.5209401479453274,0.5067689645277567,0.49463803202679224,0.5045290814405197,0.5244725180420385,0.45052265095103594,0.4903170118989222,0.5154805061617129,0.5386717613919647,0.5433407906949137,0.5128765653048528,0.5410735371236175,0.5179304998367783,0.5231913602317404,0.4981251981032294,0.5091774837613378,0.5252873386156339,0.6166695673948519,0.534221168621855,0.4270384627155038,0.6214620522583301
97,7Ji1sx470UGJRw7gx2kr95,LUZ VERDE,['0NlNru2YcUz6RbnpYGQz26'],https://open.spotify.com/playlist/3ivSu20CWXjveS2h2qZ54K?si=2dfcf9865bbc4501,0,"corrido, corridos bélicos, corridos tumbados",0NlNru2YcUz6RbnpYGQz26,79,62,81,0.5173872308041803,0.5317017198636305,0.5008846571319776,0.4513665424078335,0.49271706586211145,0.4866690460933878,0.47577912832819874,0.5435353285961968,0.5121235484247628,0.4871662504155717,0.47550355141619594,0.45474283982888813,0.595093697438037,0.480789139701088,0.5129380618981872,0.5473501056801194,0.5895561127534094,0.5352995874613015,0.5218144581780686,0.5600595670684523,0.6155129268213355,0.5196252052528858,0.5359306903764178,0.48344139039565087,0.502410206159064,0.49883217202876157,0.4824520580776038,0.48704804002778573,0.5190496034376327,0.4357538336276322,0.4654430491229634,0.6155129268213355
98,6kFpUyaEiuKriL9bhHLZqR,Ready Pa Morir,"['1rTUwYS38LkQTlT2fhikch', '43C3LVD6x8GLvputT34r6T']",https://open.spotify.com/playlist/6s4HdPQQMfyAkSC2wrotE3?si=d0411b2681b5474f,0,neoperreo,"1rTUwYS38LkQTlT2fhikch,43C3LVD6x8GLvputT34r6T",71,56,82,0.5096625170353584,0.5517241937918658,0.502205280500076,0.468205472556454,0.49068311791202374,0.514925467356041,0.46848160005572187,0.4755267222779549,0.5027990388302893,0.5427225716702639,0.5600868204964968,0.5298865831806131,0.59996875245157,0.5279081593090218,0.5385739943157326,0.5471582239122239,0.4507015996076268,0.4990292407632463,0.5181517866618373,0.566864684135808,0.6144425088743346,0.5353740398961875,0.5720512010768508,0.5195599271055894,0.5616742014544653,0.5368762571408965,0.5392103789111533,0.4921771985866893,0.5968462877870865,0.5034192031229476,0.49333776326629114,0.6144425088743346
99,6DAbtwdNegFUXQJQyKypig,PERCOSEX,"['1rTUwYS38LkQTlT2fhikch', '1Yj5Xey7kTwvZla8sqdsdE']",https://open.spotify.com/playlist/6s4HdPQQMfyAkSC2wrotE3?si=d0411b2681b5474f,0,neoperreo,"1Yj5Xey7kTwvZla8sqdsdE,1rTUwYS38LkQTlT2fhikch",71,49,82,0.5096625170353584,0.5517241937918658,0.502205280500076,0.468205472556454,0.49068311791202374,0.514925467356041,0.46848160005572187,0.4755267222779549,0.5027990388302893,0.5427225716702639,0.5600868204964968,0.5298865831806131,0.59996875245157,0.5279081593090218,0.5385739943157326,0.5471582239122239,0.4507015996076268,0.4990292407632463,0.5181517866618373,0.566864684135808,0.6144425088743346,0.5353740398961875,0.5720512010768508,0.5195599271055894,0.5616742014544653,0.5368762571408965,0.5392103789111533,0.4921771985866893,0.5968462877870865,0.5034192031229476,0.49333776326629114,0.6144425088743346
100,6I07cCR5AwBnVRmFRhJHGL,Mariposa,['4wMQTWavQZgr8ySlo5s2Tt'],https://open.spotify.com/playlist/6s4HdPQQMfyAkSC2wrotE3?si=d0411b2681b5474f,0,neoperreo,4wMQTWavQZgr8ySlo5s2Tt,52,46,82,0.5096625170353584,0.5517241937918658,0.502205280500076,0.468205472556454,0.49068311791202374,0.514925467356041,0.46848160005572187,0.4755267222779549,0.5027990388302893,0.5427225716702639,0.5600868204964968,0.5298865831806131,0.59996875245157,0.5279081593090218,0.5385739943157326,0.5471582239122239,0.4507015996076268,0.4990292407632463,0.5181517866618373,0.566864684135808,0.6144425088743346,0.5353740398961875,0.5720512010768508,0.5195599271055894,0.5616742014544653,0.5368762571408965,0.5392103789111533,0.4921771985866893,0.5968462877870865,0.5034192031229476,0.49333776326629114,0.6144425088743346
101,2Br42Z1UoDdGLJNVEdkipn,Mamisuki,"['6BV37tKh6pY97mnNdTCzly', '3bvfu2KAve4lPHrhEFDZna']",https://open.spotify.com/playlist/3ivSu20CWXjveS2h2qZ54K?si=2dfcf9865bbc4501,0,"reggaeton, reggaeton mexa","3bvfu2KAve4lPHrhEFDZna,6BV37tKh6pY97mnNdTCzly",74,50,83,0.4934067944198388,0.5031872668269692,0.47424430933466116,0.4057480614143497,0.45535125382785896,0.44552688072123625,0.440784478081931,0.4596607972681439,0.4880535850313792,0.5912813134942618,0.526436267363237,0.4855642495531551,0.5837826809226926,0.4655276650497218,0.470026595293002,0.5343472091035626,0.48086618202888837,0.49756885292538156,0.48520391494315734,0.5325448583242689,0.614249757915237,0.4882336933364525,0.5070914561361214,0.49720171249371303,0.5038658795071446,0.4913462952685698,0.4662011104449447,0.4609324887164212,0.5858986041867051,0.5080840676608489,0.4351622938938206,0.614249757915237
102,3cZajhyr8LmtPfHZ9296tj,No Broke Boys,"['5Kmr0b3ip8g9P2i0dLTC3Z', '0NIIxcxNHmOoyBx03SfTCD']",https://open.spotify.com/playlist/1p3CmyfXVeVk3ckO443prf?si=db6bb8c6dd6040b2,0,stutter house,"0NIIxcxNHmOoyBx03SfTCD,5Kmr0b3ip8g9P2i0dLTC3Z",76,90,84,0.4703391490736926,0.4870965374918024,0.41928432598197185,0.4548977742789547,0.43210991839158513,0.4338315571006912,0.4207539756757578,0.4097581203177736,0.4252781836169561,0.4796188044224253,0.5566809705922234,0.5213044566423727,0.5189190718800513,0.4932013089841458,0.5169988470773265,0.4989403397276978,0.39498639152451037,0.4304657881922128,0.44266181562444307,0.4853241722888054,0.5087006339430208,0.5310528442610978,0.5576887414161485,0.4847663861995139,0.4855968619698251,0.5220641109993747,0.49155000274910465,0.44682200768664393,0.6122816480003661,0.6070152475694437,0.4781401610896522,0.6122816480003661
103,2cSdAkzAf2T4j4aLvx4LLz,Baby Girl,['5Kmr0b3ip8g9P2i0dLTC3Z'],https://open.spotify.com/playlist/4BSj7IwrHLRpZeVNodMh5Z?si=830dece7523a46ad,0,stutter house,5Kmr0b3ip8g9P2i0dLTC3Z,76,70,84,0.4703391490736926,0.4870965374918024,0.41928432598197185,0.4548977742789547,0.43210991839158513,0.4338315571006912,0.4207539756757578,0.4097581203177736,0.4252781836169561,0.4796188044224253,0.5566809705922234,0.5213044566423727,0.5189190718800513,0.4932013089841458,0.5169988470773265,0.4989403397276978,0.39498639152451037,0.4304657881922128,0.44266181562444307,0.4853241722888054,0.5087006339430208,0.5310528442610978,0.5576887414161485,0.4847663861995139,0.4855968619698251,0.5220641109993747,0.49155000274910465,0.44682200768664393,0.6122816480003661,0.6070152475694437,0.4781401610896522,0.6122816480003661
104,6XIh9BtczdxO7HRQwrIPti,I Don't Trust A Soul,"['5Kmr0b3ip8g9P2i0dLTC3Z', '1ic0FHNGIjXZAWH6O6Reif']",https://open.spotify.com/playlist/3ivSu20CWXjveS2h2qZ54K?si=2dfcf9865bbc4501,0,stutter house,"1ic0FHNGIjXZAWH6O6Reif,5Kmr0b3ip8g9P2i0dLTC3Z",76,57,84,0.4703391490736926,0.4870965374918024,0.41928432598197185,0.4548977742789547,0.43210991839158513,0.4338315571006912,0.4207539756757578,0.4097581203177736,0.4252781836169561,0.4796188044224253,0.5566809705922234,0.5213044566423727,0.5189190718800513,0.4932013089841458,0.5169988470773265,0.4989403397276978,0.39498639152451037,0.4304657881922128,0.44266181562444307,0.4853241722888054,0.5087006339430208,0.5310528442610978,0.5576887414161485,0.4847663861995139,0.4855968619698251,0.5220641109993747,0.49155000274910465,0.44682200768664393,0.6122816480003661,0.6070152475694437,0.4781401610896522,0.6122816480003661
105,0YThXX1dqUpYBLyJNAsF9N,If We Being Rëal,['3qiHUAX7zY4Qnjx8TNUzVx'],https://open.spotify.com/playlist/4BSj7IwrHLRpZeVNodMh5Z?si=830dece7523a46ad,0,rage rap,3qiHUAX7zY4Qnjx8TNUzVx,83,78,85,0.5840461218761416,0.610051091291126,0.5047420072396727,0.447467858408472,0.469496111035678,0.4978853335619972,0.43550510140657456,0.461741456888396,0.49594277246947294,0.49273035133780874,0.4847082878517225,0.4465663311393259,0.48782682969488567,0.48633137318910435,0.5503476779223295,0.5806203771081752,0.48279080865935814,0.5684430844329256,0.5301678902353006,0.6015292618154949,0.5009900551931763,0.5363433122146918,0.572518986684975,0.4983089006182766,0.4650015133614739,0.5034440217913455,0.4879878952749868,0.4565417602878463,0.6117479031277101,0.47744307871770086,0.4339598624313809,0.6117479031277101
106,5s54Ts1rJwUwaxQqoTC4jQ,saving flowers,"['1np8xozf7ATJZDi9JX8Dx5', '2KEqzdPS7M5YwGmiuPTdr5']",https://open.spotify.com/playlist/4BSj7IwrHLRpZeVNodMh5Z?si=830dece7523a46ad,0,"stutter house, uk garage","1np8xozf7ATJZDi9JX8Dx5,2KEqzdPS7M5YwGmiuPTdr5",55,50,86,0.502391199134077,0.5060154241410031,0.42749355268114525,0.4778108075047534,0.4571211591101224,0.4081102927197938,0.4292048449150111,0.403046039969927,0.44030888032877513,0.527666410657639,0.5778743630825581,0.5608548193314928,0.5170335425410812,0.5474545839677893,0.4977158054051511,0.5278551254758399,0.3967544677787546,0.4260062597127045,0.4455559471602589,0.4896352287945677,0.5348884511017906,0.5404676549457322,0.5445945808322084,0.5809984999957176,0.4626591746259358,0.5378899947616222,0.5590809264687938,0.45604806658158326,0.5973363797902287,0.6111161223135411,0.4798994704527276,0.6111161223135411
107,7l3UuUZEqvxjhKYD2QBxOU,Vaquero - Remix,"['4yjm4SvYqC5FFuLbB6TyHr', '6BV37tKh6pY97mnNdTCzly', '3S9Hg7sRKhmtWunFZ2yAYP', '6swtbYCVvjJIjCb5MWaIT2', '4HUY0hELnxz4RC6VvJzRyc', '74mXQ4kCTwvcY9FtSrNm9c']",https://open.spotify.com/playlist/4BSj7IwrHLRpZeVNodMh5Z?si=830dece7523a46ad,0,"reggaeton mexa,reggaeton, reggaeton mexa","3S9Hg7sRKhmtWunFZ2yAYP,4HUY0hELnxz4RC6VvJzRyc,4yjm4SvYqC5FFuLbB6TyHr,6BV37tKh6pY97mnNdTCzly,6swtbYCVvjJIjCb5MWaIT2,74mXQ4kCTwvcY9FtSrNm9c",74,74,87,0.5086323506733357,0.4971218635239084,0.4753887881876647,0.4065425200078604,0.4659976831080174,0.4609924561759522,0.4558895955829578,0.47716750927433116,0.49229790331922696,0.6058026036010069,0.5304113533589299,0.4745200008722096,0.5914695761273274,0.4788688533051961,0.4819529913986533,0.537447727400797,0.48843242451925356,0.5150800859325915,0.4990159364424474,0.5338912046841211,0.6055346907150376,0.49776782443529227,0.52147924052211,0.4882083485154751,0.5053607947361214,0.4978672825214042,0.47422930910189187,0.4687978156869644,0.6097270280183784,0.5169605430125465,0.4425342745921477,0.6097270280183784
108,0tXFWZC3ZF44vgi0h2o4iI,Mirada,['6PH3FLQAxtqYy46Zv08bpV'],https://open.spotify.com/playlist/4BSj7IwrHLRpZeVNodMh5Z?si=830dece7523a46ad,0,"corrido, corridos tumbados, música mexicana, sad sierreño, sierreño",6PH3FLQAxtqYy46Zv08bpV,82,77,88,0.49705696900633767,0.511517755693253,0.5039147420603831,0.4386949472248527,0.4878218689964046,0.4890356496079242,0.5101788600053702,0.5619346680827351,0.5182717137630928,0.49660929678870835,0.48707443144701523,0.4601114327891968,0.5953091720280878,0.5026280828800164,0.5086250378135969,0.5277114882626912,0.5993451904751844,0.5220533275172532,0.5124319871628673,0.5450909058971847,0.6010716613768844,0.5385945204927773,0.5411340300740775,0.48397047186853953,0.5179369110513927,0.5027091587037084,0.49203533733042853,0.5165934231935086,0.5410146960715297,0.46321152529933773,0.46016372080513773,0.6010716613768844
109,3911Bzzv8FHgbitJzXFjxh,Toumast Tincha,['2sf2owtFSCvz2MLfxmNdkb'],https://open.spotify.com/playlist/6s4HdPQQMfyAkSC2wrotE3?si=d0411b2681b5474f,0,gnawa,2sf2owtFSCvz2MLfxmNdkb,51,48,89,0.44953220976906744,0.49949643068036476,0.4774250043424224,0.45151540667676276,0.47115349753206426,0.504147363020188,0.44889285108690696,0.4440513758516954,0.48034807000988256,0.5368610611891235,0.526904262851728,0.4521007105137464,0.5022425116046214,0.49064277378067545,0.5435140364869883,0.467383875358713,0.4299892417238269,0.47517767163362906,0.48381042774486355,0.5153325654805135,0.5178172756835827,0.527982185641687,0.5837706261230425,0.5002739285451336,0.483960496113386,0.4867748994595459,0.4997711585679604,0.4689008792392808,0.598586395571546,0.5253692150488862,0.4742111531791499,0.598586395571546
110,7dFv3bot0kaUgcfrogHMKi,The Orange Cat's Special Time Outdoors,"['5FzSQmddi3XVt5zuvfGStF', '4frXpPxQQZwbCu3eTGnZEw']",https://open.spotify.com/playlist/4BSj7IwrHLRpZeVNodMh5Z?si=830dece7523a46ad,0,"children's music, gabber","4frXpPxQQZwbCu3eTGnZEw,5FzSQmddi3XVt5zuvfGStF",41,37,90,0.5749070843810858,0.5766883992283804,0.5075539009131649,0.4886795502610241,0.5055084863519641,0.4482696035247193,0.43923304128697643,0.43451266140147543,0.498302706927452,0.5053021499858414,0.5553129828227967,0.598429121547165,0.45233498009633244,0.477631170288384,0.4847515183361618,0.5806766983860622,0.445164575805344,0.5180968237882202,0.5358587498271248,0.5804123546191186,0.48044721246321187,0.500864547223416,0.5239434661790053,0.5380923960935848,0.5171842750190683,0.5334172936482203,0.5114180785731001,0.4664238433835728,0.585591972131142,0.5498998448026989,0.4684572068368812,0.598429121547165
111,7o4NFMocfCvykO9R1stMtQ,Que Bola,"['31BgFzpxI5OFoq7R5xjtwf', '28wtFivtmdKxFRfu57AhBe']",https://open.spotify.com/playlist/3ivSu20CWXjveS2h2qZ54K?si=2dfcf9865bbc4501,0,timba,"28wtFivtmdKxFRfu57AhBe,31BgFzpxI5OFoq7R5xjtwf",54,29,91,0.4736427748521243,0.4792823669550055,0.4863755109581794,0.45763322233727044,0.4711069331034662,0.5176424719728805,0.4709137082961547,0.4827148609336669,0.5070152930617965,0.5897594563710625,0.5707439233030963,0.488956039954316,0.5443626543460828,0.4187465091911693,0.5264459963082305,0.5062834345535352,0.43144479965414695,0.48665498605065943,0.4828203167224504,0.5201809480546467,0.5972323722902952,0.5181396811245587,0.5667380532351758,0.47692689472778793,0.5522847437380205,0.5158957943816505,0.4679891922448207,0.49802735733919473,0.5853150292686993,0.5003637105578405,0.4771286448870103,0.5972323722902952
112,4PrHQoEWfiqbwYfvpki3xf,VER KAÇ,['3drqpTL4sQOckmAfF9i1wg'],https://open.spotify.com/playlist/4y4RsISHK5TvJThOSKPnBI?si=702f8bc53a5e4161,0,german hip hop,3drqpTL4sQOckmAfF9i1wg,68,49,92,0.5418027379886168,0.5249155363108017,0.4640516319797431,0.44569521135934614,0.4636340019967753,0.4661280258551808,0.42823027720100404,0.4253649455970455,0.473510090642063,0.5416109721560348,0.5608706276435822,0.5311693375033184,0.4706330860728397,0.4597299301147819,0.5069387830250712,0.5349518642355022,0.4444040811600444,0.5085455242325171,0.5058984910817084,0.5539938349179757,0.4657841955551445,0.5167490003637435,0.5501302625001108,0.5010442774292011,0.5054164353621072,0.50999696866917,0.45575620046284676,0.45781846968391937,0.5956780852943739,0.5631520916618303,0.4133497987458201,0.5956780852943739
113,5MYFw4T2gy52pOGBN4EYHS,Stay Fly,['26s8LSolLfCIY88ysQbIuT'],https://open.spotify.com/playlist/4BSj7IwrHLRpZeVNodMh5Z?si=830dece7523a46ad,0,"crunk, gangster rap, horrorcore, southern hip hop",26s8LSolLfCIY88ysQbIuT,67,72,93,0.5588178475855277,0.5616242803988682,0.5183500330782717,0.4487374608731887,0.4864131612235498,0.47304431787157086,0.4748196040853725,0.5912054622324231,0.5066626008645658,0.5661814499638723,0.5412678916728443,0.4783150155083001,0.5146715334194039,0.5396546839169087,0.488172784341665,0.5539443876601451,0.5638180422978466,0.566880528088108,0.562411512695983,0.5890172210898197,0.48479202837674173,0.5109449318428473,0.5179774651963073,0.5089291717501137,0.4543022442173736,0.5144020896395792,0.4853954404331041,0.48060518570122684,0.5819288193499587,0.5166265315015731,0.4342747031908974,0.5912054622324231
114,6RcAHyC5sAUIbPTkhOQwd8,Y LLORO,['7Gi6gjaWy3DxyilpF1a8Is'],https://open.spotify.com/playlist/4BSj7IwrHLRpZeVNodMh5Z?si=830dece7523a46ad,0,"banda, corrido, corridos bélicos, corridos tumbados, música mexicana, sad sierreño, sierreño",7Gi6gjaWy3DxyilpF1a8Is,90,82,94,0.5056954252578221,0.5260726555466041,0.5114764701312272,0.4418751700520402,0.49787757239884733,0.492424450506305,0.5117665316472843,0.5673930190229372,0.5203456848946175,0.5114845032242784,0.48911436001694275,0.45354618550257375,0.5898041463839212,0.5123599160061526,0.4986413119545575,0.5326262841679392,0.578667997609951,0.5357549085214371,0.5289181340282847,0.5511060627009764,0.5822622829203388,0.5160595699587198,0.5291592113758453,0.4801764606209946,0.5078013042684706,0.4886710715032286,0.4905089225422511,0.5103925557906792,0.5294828903330279,0.4410151057966025,0.4459340041439024,0.5898041463839212
115,2DXK0YNGSqnaIEX5iaSIoK,RELOJ,"['12GqGscKJx3aE4t07u7eVZ', '6PH3FLQAxtqYy46Zv08bpV']",https://open.spotify.com/playlist/4BSj7IwrHLRpZeVNodMh5Z?si=830dece7523a46ad,0,"banda, corrido, corridos bélicos, corridos tumbados, electro corridos, música mexicana, sad sierreño,corrido, corridos tumbados, música mexicana, sad sierreño, sierreño","12GqGscKJx3aE4t07u7eVZ,6PH3FLQAxtqYy46Zv08bpV",91,74,95,0.4884883436976027,0.5117914017681995,0.48248246247287324,0.43053059116883596,0.47531864217655206,0.46103599236561726,0.47763565312000567,0.5286147652051024,0.4919965041501377,0.4942401794376169,0.49280825701821546,0.46915999822939164,0.587257170350373,0.511307033334153,0.48672429773264914,0.5180484112798225,0.5366635212542528,0.5167031293644861,0.5100630579964972,0.5339988874792548,0.5742978834868017,0.5029684960355103,0.5182011353227836,0.46671612775841376,0.4849151158628133,0.48128533884309893,0.47998756783630264,0.48095800323830074,0.5374559621577263,0.48235310911751267,0.43089088906444345,0.587257170350373
116,55LLrj5aARUqCLoDEwAp7v,Amrikkka,"['0KJ7DiybcwyulZLILX3Z95', '5qvrUMJ8oO3BswrQO3w0hl']",https://open.spotify.com/playlist/6s4HdPQQMfyAkSC2wrotE3?si=d0411b2681b5474f,0,"arabic hip hop, egyptian hip hop","0KJ7DiybcwyulZLILX3Z95,5qvrUMJ8oO3BswrQO3w0hl",51,51,96,0.4917573107891469,0.47633392208439,0.462377904773428,0.45309679603914954,0.46492227306592276,0.42901624424682144,0.41403481118520313,0.42874449220291705,0.4697862363587319,0.5380145833004365,0.5415768866622318,0.5109532953286576,0.4885609741868166,0.4565412313453658,0.49466601490160494,0.5097925629480489,0.44262458478554123,0.5001037791039316,0.4646778193392009,0.5259342359742035,0.5029657202126009,0.5170152293673018,0.5186194272595004,0.4880796822736022,0.4741170893351243,0.5260587896692648,0.4364733803453226,0.43583308776631974,0.5716817910735952,0.559582792809987,0.44675239376142756,0.5716817910735952
